﻿{"data":[{"Aces":[{"PrincipalSID":"S-1-5-21-2982809433-1173995961-3766430208-512","PrincipalType":"Group","RightName":"Owns","IsInherited":false},{"PrincipalSID":"S-1-5-21-2982809433-1173995961-3766430208-512","PrincipalType":"Group","RightName":"WriteDacl","IsInherited":false},{"PrincipalSID":"S-1-5-21-2982809433-1173995961-3766430208-512","PrincipalType":"Group","RightName":"WriteOwner","IsInherited":false},{"PrincipalSID":"S-1-5-21-2982809433-1173995961-3766430208-512","PrincipalType":"Group","RightName":"GenericWrite","IsInherited":false},{"PrincipalSID":"S-1-5-21-2982809433-1173995961-3766430208-512","PrincipalType":"Group","RightName":"WriteDacl","IsInherited":false},{"PrincipalSID":"S-1-5-21-2982809433-1173995961-3766430208-512","PrincipalType":"Group","RightName":"WriteOwner","IsInherited":false},{"PrincipalSID":"S-1-5-21-2982809433-1173995961-3766430208-512","PrincipalType":"Group","RightName":"GenericWrite","IsInherited":false},{"PrincipalSID":"S-1-5-21-2982809433-1173995961-3766430208-519","PrincipalType":"Group","RightName":"WriteDacl","IsInherited":false},{"PrincipalSID":"S-1-5-21-2982809433-1173995961-3766430208-519","PrincipalType":"Group","RightName":"WriteOwner","IsInherited":false},{"PrincipalSID":"S-1-5-21-2982809433-1173995961-3766430208-519","PrincipalType":"Group","RightName":"GenericWrite","IsInherited":false}],"ObjectIdentifier":"231A5CF3-5543-4A2B-94F2-0EEDEB3BA5B4","IsDeleted":false,"IsACLProtected":true,"Properties":{"domain":"TRILOCORAI.LOCAL","name":"DEFAULT DOMAIN CONTROLLERS POLICY@TRILOCORAI.LOCAL","distinguishedname":"CN={6AC1786C-016F-11D2-945F-00C04FB984F9},CN=POLICIES,CN=SYSTEM,DC=TRILOCORAI,DC=LOCAL","domainsid":"S-1-5-21-2982809433-1173995961-3766430208","highvalue":false,"description":null,"whencreated":1658818224,"gpcpath":"\\\\TRILOCORAI.LOCAL\\SYSVOL\\TRILOCORAI.LOCAL\\POLICIES\\{6AC1786C-016F-11D2-945F-00C04FB984F9}"}},{"Aces":[{"PrincipalSID":"S-1-5-21-2982809433-1173995961-3766430208-512","PrincipalType":"Group","RightName":"Owns","IsInherited":false},{"PrincipalSID":"S-1-5-21-2982809433-1173995961-3766430208-512","PrincipalType":"Group","RightName":"WriteDacl","IsInherited":false},{"PrincipalSID":"S-1-5-21-2982809433-1173995961-3766430208-512","PrincipalType":"Group","RightName":"WriteOwner","IsInherited":false},{"PrincipalSID":"S-1-5-21-2982809433-1173995961-3766430208-512","PrincipalType":"Group","RightName":"GenericWrite","IsInherited":false},{"PrincipalSID":"S-1-5-21-2982809433-1173995961-3766430208-512","PrincipalType":"Group","RightName":"WriteDacl","IsInherited":false},{"PrincipalSID":"S-1-5-21-2982809433-1173995961-3766430208-512","PrincipalType":"Group","RightName":"WriteOwner","IsInherited":false},{"PrincipalSID":"S-1-5-21-2982809433-1173995961-3766430208-512","PrincipalType":"Group","RightName":"GenericWrite","IsInherited":false},{"PrincipalSID":"S-1-5-21-2982809433-1173995961-3766430208-519","PrincipalType":"Group","RightName":"WriteDacl","IsInherited":false},{"PrincipalSID":"S-1-5-21-2982809433-1173995961-3766430208-519","PrincipalType":"Group","RightName":"WriteOwner","IsInherited":false},{"PrincipalSID":"S-1-5-21-2982809433-1173995961-3766430208-519","PrincipalType":"Group","RightName":"GenericWrite","IsInherited":false}],"ObjectIdentifier":"72DFF6CA-0823-4021-B459-8572A7F4641D","IsDeleted":false,"IsACLProtected":true,"Properties":{"domain":"TRILOCORAI.LOCAL","name":"DEFAULT DOMAIN POLICY@TRILOCORAI.LOCAL","distinguishedname":"CN={31B2F340-016D-11D2-945F-00C04FB984F9},CN=POLICIES,CN=SYSTEM,DC=TRILOCORAI,DC=LOCAL","domainsid":"S-1-5-21-2982809433-1173995961-3766430208","highvalue":false,"description":null,"whencreated":1658818224,"gpcpath":"\\\\TRILOCORAI.LOCAL\\SYSVOL\\TRILOCORAI.LOCAL\\POLICIES\\{31B2F340-016D-11D2-945F-00C04FB984F9}"}}],"meta":{"methods":29675,"type":"gpos","count":2,"version":4}}