﻿{"data":[{"ChildObjects":[{"ObjectIdentifier":"26D15B0B-AED0-4430-A11F-D2D9E03E780A","ObjectType":"Container"},{"ObjectIdentifier":"6ACBB751-ABDA-45D4-BEFA-F1E9B588E476","ObjectType":"OU"},{"ObjectIdentifier":"DFD52B01-DFBD-4DE4-9EC6-1AEDDAA852C7","ObjectType":"OU"},{"ObjectIdentifier":"346695AB-4F5F-402A-8734-4CC045FCE251","ObjectType":"Container"},{"ObjectIdentifier":"2671C6A0-0902-41D6-B8BF-EF7299AD109B","ObjectType":"Container"},{"ObjectIdentifier":"6ABF5A23-02D7-4BA9-96C4-DA2013A12A36","ObjectType":"Container"}],"Trusts":[{"TargetDomainSid":"S-1-5-21-748909465-2105014040-255522671","TargetDomainName":"TRILOCOR.LOCAL","IsTransitive":true,"SidFilteringEnabled":false,"TrustDirection":"Bidirectional","TrustType":"Forest"}],"Links":[{"IsEnforced":false,"GUID":"72DFF6CA-0823-4021-B459-8572A7F4641D"}],"Aces":[{"PrincipalSID":"TRILOCORAI.LOCAL-S-1-5-32-544","PrincipalType":"Group","RightName":"Owns","IsInherited":false},{"PrincipalSID":"TRILOCORAI.LOCAL-S-1-5-32-544","PrincipalType":"Group","RightName":"WriteDacl","IsInherited":false},{"PrincipalSID":"TRILOCORAI.LOCAL-S-1-5-32-544","PrincipalType":"Group","RightName":"WriteOwner","IsInherited":false},{"PrincipalSID":"TRILOCORAI.LOCAL-S-1-5-32-544","PrincipalType":"Group","RightName":"AllExtendedRights","IsInherited":false},{"PrincipalSID":"S-1-5-21-2982809433-1173995961-3766430208-512","PrincipalType":"Group","RightName":"WriteDacl","IsInherited":false},{"PrincipalSID":"S-1-5-21-2982809433-1173995961-3766430208-512","PrincipalType":"Group","RightName":"WriteOwner","IsInherited":false},{"PrincipalSID":"S-1-5-21-2982809433-1173995961-3766430208-512","PrincipalType":"Group","RightName":"AllExtendedRights","IsInherited":false},{"PrincipalSID":"S-1-5-21-2982809433-1173995961-3766430208-519","PrincipalType":"Group","RightName":"GenericAll","IsInherited":false},{"PrincipalSID":"TRILOCORAI.LOCAL-S-1-5-9","PrincipalType":"Group","RightName":"GetChanges","IsInherited":false},{"PrincipalSID":"TRILOCORAI.LOCAL-S-1-5-32-544","PrincipalType":"Group","RightName":"GetChangesAll","IsInherited":false},{"PrincipalSID":"TRILOCORAI.LOCAL-S-1-5-32-544","PrincipalType":"Group","RightName":"GetChanges","IsInherited":false},{"PrincipalSID":"S-1-5-21-2982809433-1173995961-3766430208-498","PrincipalType":"Group","RightName":"GetChanges","IsInherited":false},{"PrincipalSID":"S-1-5-21-2982809433-1173995961-3766430208-516","PrincipalType":"Group","RightName":"GetChangesAll","IsInherited":false}],"ObjectIdentifier":"S-1-5-21-2982809433-1173995961-3766430208","IsDeleted":false,"IsACLProtected":false,"GPOChanges":{"LocalAdmins":[],"RemoteDesktopUsers":[],"DcomUsers":[],"PSRemoteUsers":[],"AffectedComputers":[]},"Properties":{"domain":"TRILOCORAI.LOCAL","name":"TRILOCORAI.LOCAL","distinguishedname":"DC=TRILOCORAI,DC=LOCAL","domainsid":"S-1-5-21-2982809433-1173995961-3766430208","highvalue":true,"description":null,"whencreated":1658818216,"functionallevel":"2016"}}],"meta":{"methods":29675,"type":"domains","count":1,"version":4}}