﻿{"data":[{"ChildObjects":[],"Aces":[{"PrincipalSID":"S-1-5-21-2982809433-1173995961-3766430208-512","PrincipalType":"Group","RightName":"Owns","IsInherited":false},{"PrincipalSID":"S-1-5-21-2982809433-1173995961-3766430208-512","PrincipalType":"Group","RightName":"WriteDacl","IsInherited":false},{"PrincipalSID":"S-1-5-21-2982809433-1173995961-3766430208-512","PrincipalType":"Group","RightName":"WriteOwner","IsInherited":false},{"PrincipalSID":"S-1-5-21-2982809433-1173995961-3766430208-519","PrincipalType":"Group","RightName":"GenericAll","IsInherited":true},{"PrincipalSID":"TRILOCORAI.LOCAL-S-1-5-32-544","PrincipalType":"Group","RightName":"WriteDacl","IsInherited":true},{"PrincipalSID":"TRILOCORAI.LOCAL-S-1-5-32-544","PrincipalType":"Group","RightName":"WriteOwner","IsInherited":true}],"ObjectIdentifier":"5BC4DF5D-FD90-461F-9AFB-E3A7E23C1F9B","IsDeleted":false,"IsACLProtected":false,"Properties":{"domain":"TRILOCORAI.LOCAL","name":"MEETINGS@TRILOCORAI.LOCAL","distinguishedname":"CN=MEETINGS,CN=SYSTEM,DC=TRILOCORAI,DC=LOCAL","domainsid":"S-1-5-21-2982809433-1173995961-3766430208","highvalue":false}},{"ChildObjects":[],"Aces":[{"PrincipalSID":"S-1-5-21-2982809433-1173995961-3766430208-512","PrincipalType":"Group","RightName":"Owns","IsInherited":false},{"PrincipalSID":"S-1-5-21-2982809433-1173995961-3766430208-512","PrincipalType":"Group","RightName":"WriteDacl","IsInherited":false},{"PrincipalSID":"S-1-5-21-2982809433-1173995961-3766430208-512","PrincipalType":"Group","RightName":"WriteOwner","IsInherited":false},{"PrincipalSID":"S-1-5-21-2982809433-1173995961-3766430208-519","PrincipalType":"Group","RightName":"GenericAll","IsInherited":true},{"PrincipalSID":"TRILOCORAI.LOCAL-S-1-5-32-544","PrincipalType":"Group","RightName":"WriteDacl","IsInherited":true},{"PrincipalSID":"TRILOCORAI.LOCAL-S-1-5-32-544","PrincipalType":"Group","RightName":"WriteOwner","IsInherited":true}],"ObjectIdentifier":"63133657-28CD-4305-9CA8-6A13D22464D5","IsDeleted":false,"IsACLProtected":false,"Properties":{"domain":"TRILOCORAI.LOCAL","name":"COMPARTITIONSETS@TRILOCORAI.LOCAL","distinguishedname":"CN=COMPARTITIONSETS,CN=SYSTEM,DC=TRILOCORAI,DC=LOCAL","domainsid":"S-1-5-21-2982809433-1173995961-3766430208","highvalue":false}},{"ChildObjects":[],"Aces":[{"PrincipalSID":"S-1-5-21-2982809433-1173995961-3766430208-512","PrincipalType":"Group","RightName":"Owns","IsInherited":false},{"PrincipalSID":"S-1-5-21-2982809433-1173995961-3766430208-512","PrincipalType":"Group","RightName":"WriteDacl","IsInherited":false},{"PrincipalSID":"S-1-5-21-2982809433-1173995961-3766430208-512","PrincipalType":"Group","RightName":"WriteOwner","IsInherited":false},{"PrincipalSID":"S-1-5-21-2982809433-1173995961-3766430208-519","PrincipalType":"Group","RightName":"GenericAll","IsInherited":true},{"PrincipalSID":"TRILOCORAI.LOCAL-S-1-5-32-544","PrincipalType":"Group","RightName":"WriteDacl","IsInherited":true},{"PrincipalSID":"TRILOCORAI.LOCAL-S-1-5-32-544","PrincipalType":"Group","RightName":"WriteOwner","IsInherited":true}],"ObjectIdentifier":"A7012AD5-6C7A-46C4-A891-3FE7DAFB7921","IsDeleted":false,"IsACLProtected":false,"Properties":{"domain":"TRILOCORAI.LOCAL","name":"COMPARTITIONS@TRILOCORAI.LOCAL","distinguishedname":"CN=COMPARTITIONS,CN=SYSTEM,DC=TRILOCORAI,DC=LOCAL","domainsid":"S-1-5-21-2982809433-1173995961-3766430208","highvalue":false}},{"ChildObjects":[],"Aces":[{"PrincipalSID":"S-1-5-21-2982809433-1173995961-3766430208-512","PrincipalType":"Group","RightName":"Owns","IsInherited":false},{"PrincipalSID":"S-1-5-21-2982809433-1173995961-3766430208-512","PrincipalType":"Group","RightName":"WriteDacl","IsInherited":false},{"PrincipalSID":"S-1-5-21-2982809433-1173995961-3766430208-512","PrincipalType":"Group","RightName":"WriteOwner","IsInherited":false},{"PrincipalSID":"S-1-5-21-2982809433-1173995961-3766430208-519","PrincipalType":"Group","RightName":"GenericAll","IsInherited":true},{"PrincipalSID":"TRILOCORAI.LOCAL-S-1-5-32-544","PrincipalType":"Group","RightName":"WriteDacl","IsInherited":true},{"PrincipalSID":"TRILOCORAI.LOCAL-S-1-5-32-544","PrincipalType":"Group","RightName":"WriteOwner","IsInherited":true}],"ObjectIdentifier":"AE2B9FB4-EE22-4424-B623-ED49223422AA","IsDeleted":false,"IsACLProtected":false,"Properties":{"domain":"TRILOCORAI.LOCAL","name":"RPCSERVICES@TRILOCORAI.LOCAL","distinguishedname":"CN=RPCSERVICES,CN=SYSTEM,DC=TRILOCORAI,DC=LOCAL","domainsid":"S-1-5-21-2982809433-1173995961-3766430208","highvalue":false}},{"ChildObjects":[],"Aces":[{"PrincipalSID":"S-1-5-21-2982809433-1173995961-3766430208-512","PrincipalType":"Group","RightName":"Owns","IsInherited":false},{"PrincipalSID":"S-1-5-21-2982809433-1173995961-3766430208-512","PrincipalType":"Group","RightName":"WriteDacl","IsInherited":false},{"PrincipalSID":"S-1-5-21-2982809433-1173995961-3766430208-512","PrincipalType":"Group","RightName":"WriteOwner","IsInherited":false},{"PrincipalSID":"S-1-5-21-2982809433-1173995961-3766430208-519","PrincipalType":"Group","RightName":"GenericAll","IsInherited":true},{"PrincipalSID":"TRILOCORAI.LOCAL-S-1-5-32-544","PrincipalType":"Group","RightName":"WriteDacl","IsInherited":true},{"PrincipalSID":"TRILOCORAI.LOCAL-S-1-5-32-544","PrincipalType":"Group","RightName":"WriteOwner","IsInherited":true}],"ObjectIdentifier":"2671C6A0-0902-41D6-B8BF-EF7299AD109B","IsDeleted":false,"IsACLProtected":false,"Properties":{"domain":"TRILOCORAI.LOCAL","name":"MANAGED SERVICE ACCOUNTS@TRILOCORAI.LOCAL","distinguishedname":"CN=MANAGED SERVICE ACCOUNTS,DC=TRILOCORAI,DC=LOCAL","domainsid":"S-1-5-21-2982809433-1173995961-3766430208","highvalue":false}},{"ChildObjects":[],"Aces":[{"PrincipalSID":"S-1-5-21-2982809433-1173995961-3766430208-512","PrincipalType":"Group","RightName":"Owns","IsInherited":false},{"PrincipalSID":"S-1-5-21-2982809433-1173995961-3766430208-512","PrincipalType":"Group","RightName":"GenericAll","IsInherited":false},{"PrincipalSID":"S-1-5-21-2982809433-1173995961-3766430208-519","PrincipalType":"Group","RightName":"GenericAll","IsInherited":true},{"PrincipalSID":"TRILOCORAI.LOCAL-S-1-5-32-544","PrincipalType":"Group","RightName":"WriteDacl","IsInherited":true},{"PrincipalSID":"TRILOCORAI.LOCAL-S-1-5-32-544","PrincipalType":"Group","RightName":"WriteOwner","IsInherited":true}],"ObjectIdentifier":"D3D2F3E6-F4FE-430D-9292-B942828070D3","IsDeleted":false,"IsACLProtected":false,"Properties":{"domain":"TRILOCORAI.LOCAL","name":"PSPS@TRILOCORAI.LOCAL","distinguishedname":"CN=PSPS,CN=SYSTEM,DC=TRILOCORAI,DC=LOCAL","domainsid":"S-1-5-21-2982809433-1173995961-3766430208","highvalue":false}},{"ChildObjects":[],"Aces":[{"PrincipalSID":"S-1-5-21-2982809433-1173995961-3766430208-512","PrincipalType":"Group","RightName":"Owns","IsInherited":false},{"PrincipalSID":"S-1-5-21-2982809433-1173995961-3766430208-512","PrincipalType":"Group","RightName":"GenericAll","IsInherited":false},{"PrincipalSID":"S-1-5-21-2982809433-1173995961-3766430208-519","PrincipalType":"Group","RightName":"GenericAll","IsInherited":true},{"PrincipalSID":"TRILOCORAI.LOCAL-S-1-5-32-544","PrincipalType":"Group","RightName":"WriteDacl","IsInherited":true},{"PrincipalSID":"TRILOCORAI.LOCAL-S-1-5-32-544","PrincipalType":"Group","RightName":"WriteOwner","IsInherited":true}],"ObjectIdentifier":"1AD379D3-7885-4D58-9A3E-F669D156031D","IsDeleted":false,"IsACLProtected":false,"Properties":{"domain":"TRILOCORAI.LOCAL","name":"PROGRAM DATA@TRILOCORAI.LOCAL","distinguishedname":"CN=PROGRAM DATA,DC=TRILOCORAI,DC=LOCAL","domainsid":"S-1-5-21-2982809433-1173995961-3766430208","highvalue":false}},{"ChildObjects":[],"Aces":[{"PrincipalSID":"S-1-5-21-2982809433-1173995961-3766430208-512","PrincipalType":"Group","RightName":"Owns","IsInherited":false},{"PrincipalSID":"S-1-5-21-2982809433-1173995961-3766430208-512","PrincipalType":"Group","RightName":"WriteDacl","IsInherited":false},{"PrincipalSID":"S-1-5-21-2982809433-1173995961-3766430208-512","PrincipalType":"Group","RightName":"WriteOwner","IsInherited":false},{"PrincipalSID":"S-1-5-21-2982809433-1173995961-3766430208-519","PrincipalType":"Group","RightName":"GenericAll","IsInherited":true},{"PrincipalSID":"TRILOCORAI.LOCAL-S-1-5-32-544","PrincipalType":"Group","RightName":"WriteDacl","IsInherited":true},{"PrincipalSID":"TRILOCORAI.LOCAL-S-1-5-32-544","PrincipalType":"Group","RightName":"WriteOwner","IsInherited":true}],"ObjectIdentifier":"FDD52D7A-BA7C-4820-8DA3-F67B67CF296F","IsDeleted":false,"IsACLProtected":false,"Properties":{"domain":"TRILOCORAI.LOCAL","name":"SYSTEM@TRILOCORAI.LOCAL","distinguishedname":"CN=SYSTEM,DC=TRILOCORAI,DC=LOCAL","domainsid":"S-1-5-21-2982809433-1173995961-3766430208","highvalue":false}},{"ChildObjects":[],"Aces":[{"PrincipalSID":"S-1-5-21-2982809433-1173995961-3766430208-512","PrincipalType":"Group","RightName":"Owns","IsInherited":false},{"PrincipalSID":"S-1-5-21-2982809433-1173995961-3766430208-553","PrincipalType":"Group","RightName":"WriteDacl","IsInherited":false},{"PrincipalSID":"S-1-5-21-2982809433-1173995961-3766430208-553","PrincipalType":"Group","RightName":"WriteOwner","IsInherited":false},{"PrincipalSID":"S-1-5-21-2982809433-1173995961-3766430208-519","PrincipalType":"Group","RightName":"GenericAll","IsInherited":true},{"PrincipalSID":"TRILOCORAI.LOCAL-S-1-5-32-544","PrincipalType":"Group","RightName":"WriteDacl","IsInherited":true},{"PrincipalSID":"TRILOCORAI.LOCAL-S-1-5-32-544","PrincipalType":"Group","RightName":"WriteOwner","IsInherited":true}],"ObjectIdentifier":"FD67BB86-04E1-4845-8B5E-B08FF55E0812","IsDeleted":false,"IsACLProtected":false,"Properties":{"domain":"TRILOCORAI.LOCAL","name":"RAS AND IAS SERVERS ACCESS CHECK@TRILOCORAI.LOCAL","distinguishedname":"CN=RAS AND IAS SERVERS ACCESS CHECK,CN=SYSTEM,DC=TRILOCORAI,DC=LOCAL","domainsid":"S-1-5-21-2982809433-1173995961-3766430208","highvalue":false}},{"ChildObjects":[],"Aces":[{"PrincipalSID":"S-1-5-21-2982809433-1173995961-3766430208-512","PrincipalType":"Group","RightName":"Owns","IsInherited":false},{"PrincipalSID":"S-1-5-21-2982809433-1173995961-3766430208-512","PrincipalType":"Group","RightName":"GenericAll","IsInherited":false},{"PrincipalSID":"S-1-5-21-2982809433-1173995961-3766430208-519","PrincipalType":"Group","RightName":"GenericAll","IsInherited":true},{"PrincipalSID":"TRILOCORAI.LOCAL-S-1-5-32-544","PrincipalType":"Group","RightName":"WriteDacl","IsInherited":true},{"PrincipalSID":"TRILOCORAI.LOCAL-S-1-5-32-544","PrincipalType":"Group","RightName":"WriteOwner","IsInherited":true}],"ObjectIdentifier":"6AF79C11-A0F9-49B3-8D31-3498D9E682AF","IsDeleted":false,"IsACLProtected":false,"Properties":{"domain":"TRILOCORAI.LOCAL","name":"MICROSOFT@TRILOCORAI.LOCAL","distinguishedname":"CN=MICROSOFT,CN=PROGRAM DATA,DC=TRILOCORAI,DC=LOCAL","domainsid":"S-1-5-21-2982809433-1173995961-3766430208","highvalue":false}},{"ChildObjects":[],"Aces":[{"PrincipalSID":"S-1-5-21-2982809433-1173995961-3766430208-512","PrincipalType":"Group","RightName":"Owns","IsInherited":false},{"PrincipalSID":"S-1-5-21-2982809433-1173995961-3766430208-512","PrincipalType":"Group","RightName":"WriteDacl","IsInherited":false},{"PrincipalSID":"S-1-5-21-2982809433-1173995961-3766430208-512","PrincipalType":"Group","RightName":"WriteOwner","IsInherited":false},{"PrincipalSID":"S-1-5-21-2982809433-1173995961-3766430208-519","PrincipalType":"Group","RightName":"GenericAll","IsInherited":true},{"PrincipalSID":"TRILOCORAI.LOCAL-S-1-5-32-544","PrincipalType":"Group","RightName":"WriteDacl","IsInherited":true},{"PrincipalSID":"TRILOCORAI.LOCAL-S-1-5-32-544","PrincipalType":"Group","RightName":"WriteOwner","IsInherited":true}],"ObjectIdentifier":"DB50CD28-C971-4463-A3D7-5D6047DBE8D8","IsDeleted":false,"IsACLProtected":false,"Properties":{"domain":"TRILOCORAI.LOCAL","name":"WINSOCKSERVICES@TRILOCORAI.LOCAL","distinguishedname":"CN=WINSOCKSERVICES,CN=SYSTEM,DC=TRILOCORAI,DC=LOCAL","domainsid":"S-1-5-21-2982809433-1173995961-3766430208","highvalue":false}},{"ChildObjects":[],"Aces":[{"PrincipalSID":"S-1-5-21-2982809433-1173995961-3766430208-512","PrincipalType":"Group","RightName":"Owns","IsInherited":false},{"PrincipalSID":"S-1-5-21-2982809433-1173995961-3766430208-512","PrincipalType":"Group","RightName":"GenericAll","IsInherited":false},{"PrincipalSID":"S-1-5-21-2982809433-1173995961-3766430208-519","PrincipalType":"Group","RightName":"GenericAll","IsInherited":true},{"PrincipalSID":"TRILOCORAI.LOCAL-S-1-5-32-544","PrincipalType":"Group","RightName":"WriteDacl","IsInherited":true},{"PrincipalSID":"TRILOCORAI.LOCAL-S-1-5-32-544","PrincipalType":"Group","RightName":"WriteOwner","IsInherited":true}],"ObjectIdentifier":"346695AB-4F5F-402A-8734-4CC045FCE251","IsDeleted":false,"IsACLProtected":false,"Properties":{"domain":"TRILOCORAI.LOCAL","name":"FOREIGNSECURITYPRINCIPALS@TRILOCORAI.LOCAL","distinguishedname":"CN=FOREIGNSECURITYPRINCIPALS,DC=TRILOCORAI,DC=LOCAL","domainsid":"S-1-5-21-2982809433-1173995961-3766430208","highvalue":false}},{"ChildObjects":[],"Aces":[{"PrincipalSID":"S-1-5-21-2982809433-1173995961-3766430208-512","PrincipalType":"Group","RightName":"Owns","IsInherited":false},{"PrincipalSID":"S-1-5-21-2982809433-1173995961-3766430208-512","PrincipalType":"Group","RightName":"WriteDacl","IsInherited":false},{"PrincipalSID":"S-1-5-21-2982809433-1173995961-3766430208-512","PrincipalType":"Group","RightName":"WriteOwner","IsInherited":false},{"PrincipalSID":"S-1-5-21-2982809433-1173995961-3766430208-519","PrincipalType":"Group","RightName":"GenericAll","IsInherited":true},{"PrincipalSID":"S-1-5-21-2982809433-1173995961-3766430208-512","PrincipalType":"Group","RightName":"GenericAll","IsInherited":true}],"ObjectIdentifier":"DE6C1CF4-0CB8-42C0-A3EC-EF11F64B660A","IsDeleted":false,"IsACLProtected":false,"Properties":{"domain":"TRILOCORAI.LOCAL","name":"WMIGPO@TRILOCORAI.LOCAL","distinguishedname":"CN=WMIGPO,CN=WMIPOLICY,CN=SYSTEM,DC=TRILOCORAI,DC=LOCAL","domainsid":"S-1-5-21-2982809433-1173995961-3766430208","highvalue":false}},{"ChildObjects":[],"Aces":[{"PrincipalSID":"S-1-5-21-2982809433-1173995961-3766430208-512","PrincipalType":"Group","RightName":"Owns","IsInherited":false},{"PrincipalSID":"S-1-5-21-2982809433-1173995961-3766430208-512","PrincipalType":"Group","RightName":"WriteDacl","IsInherited":false},{"PrincipalSID":"S-1-5-21-2982809433-1173995961-3766430208-512","PrincipalType":"Group","RightName":"WriteOwner","IsInherited":false},{"PrincipalSID":"S-1-5-21-2982809433-1173995961-3766430208-519","PrincipalType":"Group","RightName":"GenericAll","IsInherited":true},{"PrincipalSID":"S-1-5-21-2982809433-1173995961-3766430208-512","PrincipalType":"Group","RightName":"GenericAll","IsInherited":true}],"ObjectIdentifier":"34C49B7A-8B1C-44F6-9996-35151D5018AF","IsDeleted":false,"IsACLProtected":false,"Properties":{"domain":"TRILOCORAI.LOCAL","name":"POLICYTYPE@TRILOCORAI.LOCAL","distinguishedname":"CN=POLICYTYPE,CN=WMIPOLICY,CN=SYSTEM,DC=TRILOCORAI,DC=LOCAL","domainsid":"S-1-5-21-2982809433-1173995961-3766430208","highvalue":false}},{"ChildObjects":[],"Aces":[{"PrincipalSID":"S-1-5-21-2982809433-1173995961-3766430208-512","PrincipalType":"Group","RightName":"Owns","IsInherited":false},{"PrincipalSID":"S-1-5-21-2982809433-1173995961-3766430208-512","PrincipalType":"Group","RightName":"WriteDacl","IsInherited":false},{"PrincipalSID":"S-1-5-21-2982809433-1173995961-3766430208-512","PrincipalType":"Group","RightName":"WriteOwner","IsInherited":false},{"PrincipalSID":"S-1-5-21-2982809433-1173995961-3766430208-519","PrincipalType":"Group","RightName":"GenericAll","IsInherited":true},{"PrincipalSID":"S-1-5-21-2982809433-1173995961-3766430208-512","PrincipalType":"Group","RightName":"GenericAll","IsInherited":true}],"ObjectIdentifier":"94D7D209-9053-423D-A725-8B34660EA752","IsDeleted":false,"IsACLProtected":false,"Properties":{"domain":"TRILOCORAI.LOCAL","name":"POLICYTEMPLATE@TRILOCORAI.LOCAL","distinguishedname":"CN=POLICYTEMPLATE,CN=WMIPOLICY,CN=SYSTEM,DC=TRILOCORAI,DC=LOCAL","domainsid":"S-1-5-21-2982809433-1173995961-3766430208","highvalue":false}},{"ChildObjects":[{"ObjectIdentifier":"S-1-5-21-2982809433-1173995961-3766430208-500","ObjectType":"User"},{"ObjectIdentifier":"S-1-5-21-2982809433-1173995961-3766430208-571","ObjectType":"Group"},{"ObjectIdentifier":"S-1-5-21-2982809433-1173995961-3766430208-517","ObjectType":"Group"},{"ObjectIdentifier":"S-1-5-21-2982809433-1173995961-3766430208-522","ObjectType":"Group"},{"ObjectIdentifier":"S-1-5-21-2982809433-1173995961-3766430208-572","ObjectType":"Group"},{"ObjectIdentifier":"S-1-5-21-2982809433-1173995961-3766430208-1101","ObjectType":"Group"},{"ObjectIdentifier":"S-1-5-21-2982809433-1173995961-3766430208-1102","ObjectType":"Group"},{"ObjectIdentifier":"S-1-5-21-2982809433-1173995961-3766430208-512","ObjectType":"Group"},{"ObjectIdentifier":"S-1-5-21-2982809433-1173995961-3766430208-515","ObjectType":"Group"},{"ObjectIdentifier":"S-1-5-21-2982809433-1173995961-3766430208-516","ObjectType":"Group"},{"ObjectIdentifier":"S-1-5-21-2982809433-1173995961-3766430208-514","ObjectType":"Group"},{"ObjectIdentifier":"S-1-5-21-2982809433-1173995961-3766430208-513","ObjectType":"Group"},{"ObjectIdentifier":"S-1-5-21-2982809433-1173995961-3766430208-519","ObjectType":"Group"},{"ObjectIdentifier":"S-1-5-21-2982809433-1173995961-3766430208-527","ObjectType":"Group"},{"ObjectIdentifier":"S-1-5-21-2982809433-1173995961-3766430208-498","ObjectType":"Group"},{"ObjectIdentifier":"S-1-5-21-2982809433-1173995961-3766430208-520","ObjectType":"Group"},{"ObjectIdentifier":"S-1-5-21-2982809433-1173995961-3766430208-501","ObjectType":"User"},{"ObjectIdentifier":"S-1-5-21-2982809433-1173995961-3766430208-526","ObjectType":"Group"},{"ObjectIdentifier":"S-1-5-21-2982809433-1173995961-3766430208-502","ObjectType":"User"},{"ObjectIdentifier":"S-1-5-21-2982809433-1173995961-3766430208-525","ObjectType":"Group"},{"ObjectIdentifier":"S-1-5-21-2982809433-1173995961-3766430208-553","ObjectType":"Group"},{"ObjectIdentifier":"S-1-5-21-2982809433-1173995961-3766430208-521","ObjectType":"Group"},{"ObjectIdentifier":"S-1-5-21-2982809433-1173995961-3766430208-518","ObjectType":"Group"},{"ObjectIdentifier":"S-1-5-21-2982809433-1173995961-3766430208-4618","ObjectType":"User"},{"ObjectIdentifier":"S-1-5-21-2982809433-1173995961-3766430208-4617","ObjectType":"User"}],"Aces":[{"PrincipalSID":"S-1-5-21-2982809433-1173995961-3766430208-512","PrincipalType":"Group","RightName":"Owns","IsInherited":false},{"PrincipalSID":"S-1-5-21-2982809433-1173995961-3766430208-512","PrincipalType":"Group","RightName":"WriteDacl","IsInherited":false},{"PrincipalSID":"S-1-5-21-2982809433-1173995961-3766430208-512","PrincipalType":"Group","RightName":"WriteOwner","IsInherited":false},{"PrincipalSID":"S-1-5-21-2982809433-1173995961-3766430208-519","PrincipalType":"Group","RightName":"GenericAll","IsInherited":true},{"PrincipalSID":"TRILOCORAI.LOCAL-S-1-5-32-544","PrincipalType":"Group","RightName":"WriteDacl","IsInherited":true},{"PrincipalSID":"TRILOCORAI.LOCAL-S-1-5-32-544","PrincipalType":"Group","RightName":"WriteOwner","IsInherited":true}],"ObjectIdentifier":"6ABF5A23-02D7-4BA9-96C4-DA2013A12A36","IsDeleted":false,"IsACLProtected":false,"Properties":{"domain":"TRILOCORAI.LOCAL","name":"USERS@TRILOCORAI.LOCAL","distinguishedname":"CN=USERS,DC=TRILOCORAI,DC=LOCAL","domainsid":"S-1-5-21-2982809433-1173995961-3766430208","highvalue":false}},{"ChildObjects":[],"Aces":[{"PrincipalSID":"S-1-5-21-2982809433-1173995961-3766430208-512","PrincipalType":"Group","RightName":"Owns","IsInherited":false},{"PrincipalSID":"S-1-5-21-2982809433-1173995961-3766430208-512","PrincipalType":"Group","RightName":"WriteDacl","IsInherited":false},{"PrincipalSID":"S-1-5-21-2982809433-1173995961-3766430208-512","PrincipalType":"Group","RightName":"WriteOwner","IsInherited":false},{"PrincipalSID":"S-1-5-21-2982809433-1173995961-3766430208-519","PrincipalType":"Group","RightName":"GenericAll","IsInherited":true},{"PrincipalSID":"TRILOCORAI.LOCAL-S-1-5-32-544","PrincipalType":"Group","RightName":"WriteDacl","IsInherited":true},{"PrincipalSID":"TRILOCORAI.LOCAL-S-1-5-32-544","PrincipalType":"Group","RightName":"WriteOwner","IsInherited":true}],"ObjectIdentifier":"C6129055-AB52-4B4B-8068-D66F118DD476","IsDeleted":false,"IsACLProtected":false,"Properties":{"domain":"TRILOCORAI.LOCAL","name":"POLICIES@TRILOCORAI.LOCAL","distinguishedname":"CN=POLICIES,CN=SYSTEM,DC=TRILOCORAI,DC=LOCAL","domainsid":"S-1-5-21-2982809433-1173995961-3766430208","highvalue":false}},{"ChildObjects":[{"ObjectIdentifier":"S-1-5-21-2982809433-1173995961-3766430208-1176","ObjectType":"Computer"},{"ObjectIdentifier":"S-1-5-21-2982809433-1173995961-3766430208-1159","ObjectType":"Computer"},{"ObjectIdentifier":"S-1-5-21-2982809433-1173995961-3766430208-1162","ObjectType":"Computer"},{"ObjectIdentifier":"S-1-5-21-2982809433-1173995961-3766430208-1161","ObjectType":"Computer"},{"ObjectIdentifier":"S-1-5-21-2982809433-1173995961-3766430208-1106","ObjectType":"Computer"},{"ObjectIdentifier":"S-1-5-21-2982809433-1173995961-3766430208-1160","ObjectType":"Computer"},{"ObjectIdentifier":"S-1-5-21-2982809433-1173995961-3766430208-1163","ObjectType":"Computer"},{"ObjectIdentifier":"S-1-5-21-2982809433-1173995961-3766430208-1526","ObjectType":"Computer"},{"ObjectIdentifier":"S-1-5-21-2982809433-1173995961-3766430208-1527","ObjectType":"Computer"},{"ObjectIdentifier":"S-1-5-21-2982809433-1173995961-3766430208-1528","ObjectType":"Computer"},{"ObjectIdentifier":"S-1-5-21-2982809433-1173995961-3766430208-1529","ObjectType":"Computer"},{"ObjectIdentifier":"S-1-5-21-2982809433-1173995961-3766430208-1530","ObjectType":"Computer"},{"ObjectIdentifier":"S-1-5-21-2982809433-1173995961-3766430208-1531","ObjectType":"Computer"},{"ObjectIdentifier":"S-1-5-21-2982809433-1173995961-3766430208-1523","ObjectType":"Computer"},{"ObjectIdentifier":"S-1-5-21-2982809433-1173995961-3766430208-1524","ObjectType":"Computer"},{"ObjectIdentifier":"S-1-5-21-2982809433-1173995961-3766430208-1525","ObjectType":"Computer"},{"ObjectIdentifier":"S-1-5-21-2982809433-1173995961-3766430208-1135","ObjectType":"Computer"},{"ObjectIdentifier":"S-1-5-21-2982809433-1173995961-3766430208-1136","ObjectType":"Computer"},{"ObjectIdentifier":"S-1-5-21-2982809433-1173995961-3766430208-1137","ObjectType":"Computer"},{"ObjectIdentifier":"S-1-5-21-2982809433-1173995961-3766430208-1138","ObjectType":"Computer"},{"ObjectIdentifier":"S-1-5-21-2982809433-1173995961-3766430208-1139","ObjectType":"Computer"},{"ObjectIdentifier":"S-1-5-21-2982809433-1173995961-3766430208-1140","ObjectType":"Computer"},{"ObjectIdentifier":"S-1-5-21-2982809433-1173995961-3766430208-1141","ObjectType":"Computer"},{"ObjectIdentifier":"S-1-5-21-2982809433-1173995961-3766430208-1142","ObjectType":"Computer"},{"ObjectIdentifier":"S-1-5-21-2982809433-1173995961-3766430208-1143","ObjectType":"Computer"},{"ObjectIdentifier":"S-1-5-21-2982809433-1173995961-3766430208-1144","ObjectType":"Computer"},{"ObjectIdentifier":"S-1-5-21-2982809433-1173995961-3766430208-1145","ObjectType":"Computer"},{"ObjectIdentifier":"S-1-5-21-2982809433-1173995961-3766430208-1146","ObjectType":"Computer"},{"ObjectIdentifier":"S-1-5-21-2982809433-1173995961-3766430208-1147","ObjectType":"Computer"},{"ObjectIdentifier":"S-1-5-21-2982809433-1173995961-3766430208-1148","ObjectType":"Computer"},{"ObjectIdentifier":"S-1-5-21-2982809433-1173995961-3766430208-1149","ObjectType":"Computer"},{"ObjectIdentifier":"S-1-5-21-2982809433-1173995961-3766430208-1150","ObjectType":"Computer"},{"ObjectIdentifier":"S-1-5-21-2982809433-1173995961-3766430208-1151","ObjectType":"Computer"},{"ObjectIdentifier":"S-1-5-21-2982809433-1173995961-3766430208-1152","ObjectType":"Computer"},{"ObjectIdentifier":"S-1-5-21-2982809433-1173995961-3766430208-1153","ObjectType":"Computer"},{"ObjectIdentifier":"S-1-5-21-2982809433-1173995961-3766430208-1464","ObjectType":"Computer"},{"ObjectIdentifier":"S-1-5-21-2982809433-1173995961-3766430208-1465","ObjectType":"Computer"},{"ObjectIdentifier":"S-1-5-21-2982809433-1173995961-3766430208-1466","ObjectType":"Computer"},{"ObjectIdentifier":"S-1-5-21-2982809433-1173995961-3766430208-1467","ObjectType":"Computer"},{"ObjectIdentifier":"S-1-5-21-2982809433-1173995961-3766430208-1468","ObjectType":"Computer"},{"ObjectIdentifier":"S-1-5-21-2982809433-1173995961-3766430208-1469","ObjectType":"Computer"},{"ObjectIdentifier":"S-1-5-21-2982809433-1173995961-3766430208-1470","ObjectType":"Computer"},{"ObjectIdentifier":"S-1-5-21-2982809433-1173995961-3766430208-1471","ObjectType":"Computer"},{"ObjectIdentifier":"S-1-5-21-2982809433-1173995961-3766430208-1472","ObjectType":"Computer"},{"ObjectIdentifier":"S-1-5-21-2982809433-1173995961-3766430208-1473","ObjectType":"Computer"},{"ObjectIdentifier":"S-1-5-21-2982809433-1173995961-3766430208-1474","ObjectType":"Computer"},{"ObjectIdentifier":"S-1-5-21-2982809433-1173995961-3766430208-1475","ObjectType":"Computer"},{"ObjectIdentifier":"S-1-5-21-2982809433-1173995961-3766430208-1476","ObjectType":"Computer"},{"ObjectIdentifier":"S-1-5-21-2982809433-1173995961-3766430208-1477","ObjectType":"Computer"},{"ObjectIdentifier":"S-1-5-21-2982809433-1173995961-3766430208-1478","ObjectType":"Computer"},{"ObjectIdentifier":"S-1-5-21-2982809433-1173995961-3766430208-1479","ObjectType":"Computer"},{"ObjectIdentifier":"S-1-5-21-2982809433-1173995961-3766430208-1480","ObjectType":"Computer"},{"ObjectIdentifier":"S-1-5-21-2982809433-1173995961-3766430208-1481","ObjectType":"Computer"},{"ObjectIdentifier":"S-1-5-21-2982809433-1173995961-3766430208-1482","ObjectType":"Computer"},{"ObjectIdentifier":"S-1-5-21-2982809433-1173995961-3766430208-1483","ObjectType":"Computer"},{"ObjectIdentifier":"S-1-5-21-2982809433-1173995961-3766430208-1484","ObjectType":"Computer"},{"ObjectIdentifier":"S-1-5-21-2982809433-1173995961-3766430208-1485","ObjectType":"Computer"},{"ObjectIdentifier":"S-1-5-21-2982809433-1173995961-3766430208-1486","ObjectType":"Computer"},{"ObjectIdentifier":"S-1-5-21-2982809433-1173995961-3766430208-1487","ObjectType":"Computer"},{"ObjectIdentifier":"S-1-5-21-2982809433-1173995961-3766430208-1488","ObjectType":"Computer"},{"ObjectIdentifier":"S-1-5-21-2982809433-1173995961-3766430208-1489","ObjectType":"Computer"},{"ObjectIdentifier":"S-1-5-21-2982809433-1173995961-3766430208-1490","ObjectType":"Computer"},{"ObjectIdentifier":"S-1-5-21-2982809433-1173995961-3766430208-1491","ObjectType":"Computer"},{"ObjectIdentifier":"S-1-5-21-2982809433-1173995961-3766430208-1492","ObjectType":"Computer"},{"ObjectIdentifier":"S-1-5-21-2982809433-1173995961-3766430208-1493","ObjectType":"Computer"},{"ObjectIdentifier":"S-1-5-21-2982809433-1173995961-3766430208-1494","ObjectType":"Computer"},{"ObjectIdentifier":"S-1-5-21-2982809433-1173995961-3766430208-1495","ObjectType":"Computer"},{"ObjectIdentifier":"S-1-5-21-2982809433-1173995961-3766430208-1496","ObjectType":"Computer"},{"ObjectIdentifier":"S-1-5-21-2982809433-1173995961-3766430208-1497","ObjectType":"Computer"},{"ObjectIdentifier":"S-1-5-21-2982809433-1173995961-3766430208-1498","ObjectType":"Computer"},{"ObjectIdentifier":"S-1-5-21-2982809433-1173995961-3766430208-1499","ObjectType":"Computer"},{"ObjectIdentifier":"S-1-5-21-2982809433-1173995961-3766430208-1500","ObjectType":"Computer"},{"ObjectIdentifier":"S-1-5-21-2982809433-1173995961-3766430208-1501","ObjectType":"Computer"},{"ObjectIdentifier":"S-1-5-21-2982809433-1173995961-3766430208-1502","ObjectType":"Computer"},{"ObjectIdentifier":"S-1-5-21-2982809433-1173995961-3766430208-1503","ObjectType":"Computer"},{"ObjectIdentifier":"S-1-5-21-2982809433-1173995961-3766430208-1504","ObjectType":"Computer"},{"ObjectIdentifier":"S-1-5-21-2982809433-1173995961-3766430208-1505","ObjectType":"Computer"},{"ObjectIdentifier":"S-1-5-21-2982809433-1173995961-3766430208-1506","ObjectType":"Computer"},{"ObjectIdentifier":"S-1-5-21-2982809433-1173995961-3766430208-1507","ObjectType":"Computer"},{"ObjectIdentifier":"S-1-5-21-2982809433-1173995961-3766430208-1508","ObjectType":"Computer"},{"ObjectIdentifier":"S-1-5-21-2982809433-1173995961-3766430208-1509","ObjectType":"Computer"},{"ObjectIdentifier":"S-1-5-21-2982809433-1173995961-3766430208-1510","ObjectType":"Computer"},{"ObjectIdentifier":"S-1-5-21-2982809433-1173995961-3766430208-1511","ObjectType":"Computer"},{"ObjectIdentifier":"S-1-5-21-2982809433-1173995961-3766430208-1512","ObjectType":"Computer"},{"ObjectIdentifier":"S-1-5-21-2982809433-1173995961-3766430208-1513","ObjectType":"Computer"},{"ObjectIdentifier":"S-1-5-21-2982809433-1173995961-3766430208-1514","ObjectType":"Computer"},{"ObjectIdentifier":"S-1-5-21-2982809433-1173995961-3766430208-1515","ObjectType":"Computer"},{"ObjectIdentifier":"S-1-5-21-2982809433-1173995961-3766430208-1516","ObjectType":"Computer"},{"ObjectIdentifier":"S-1-5-21-2982809433-1173995961-3766430208-1517","ObjectType":"Computer"},{"ObjectIdentifier":"S-1-5-21-2982809433-1173995961-3766430208-1518","ObjectType":"Computer"},{"ObjectIdentifier":"S-1-5-21-2982809433-1173995961-3766430208-1519","ObjectType":"Computer"},{"ObjectIdentifier":"S-1-5-21-2982809433-1173995961-3766430208-1520","ObjectType":"Computer"},{"ObjectIdentifier":"S-1-5-21-2982809433-1173995961-3766430208-1521","ObjectType":"Computer"},{"ObjectIdentifier":"S-1-5-21-2982809433-1173995961-3766430208-1522","ObjectType":"Computer"},{"ObjectIdentifier":"S-1-5-21-2982809433-1173995961-3766430208-1180","ObjectType":"Computer"},{"ObjectIdentifier":"S-1-5-21-2982809433-1173995961-3766430208-1356","ObjectType":"Computer"},{"ObjectIdentifier":"S-1-5-21-2982809433-1173995961-3766430208-1357","ObjectType":"Computer"},{"ObjectIdentifier":"S-1-5-21-2982809433-1173995961-3766430208-1358","ObjectType":"Computer"},{"ObjectIdentifier":"S-1-5-21-2982809433-1173995961-3766430208-1359","ObjectType":"Computer"},{"ObjectIdentifier":"S-1-5-21-2982809433-1173995961-3766430208-1360","ObjectType":"Computer"},{"ObjectIdentifier":"S-1-5-21-2982809433-1173995961-3766430208-1361","ObjectType":"Computer"},{"ObjectIdentifier":"S-1-5-21-2982809433-1173995961-3766430208-1362","ObjectType":"Computer"},{"ObjectIdentifier":"S-1-5-21-2982809433-1173995961-3766430208-1363","ObjectType":"Computer"},{"ObjectIdentifier":"S-1-5-21-2982809433-1173995961-3766430208-1364","ObjectType":"Computer"},{"ObjectIdentifier":"S-1-5-21-2982809433-1173995961-3766430208-1365","ObjectType":"Computer"},{"ObjectIdentifier":"S-1-5-21-2982809433-1173995961-3766430208-1366","ObjectType":"Computer"},{"ObjectIdentifier":"S-1-5-21-2982809433-1173995961-3766430208-1367","ObjectType":"Computer"},{"ObjectIdentifier":"S-1-5-21-2982809433-1173995961-3766430208-1368","ObjectType":"Computer"},{"ObjectIdentifier":"S-1-5-21-2982809433-1173995961-3766430208-1369","ObjectType":"Computer"},{"ObjectIdentifier":"S-1-5-21-2982809433-1173995961-3766430208-1370","ObjectType":"Computer"},{"ObjectIdentifier":"S-1-5-21-2982809433-1173995961-3766430208-1371","ObjectType":"Computer"},{"ObjectIdentifier":"S-1-5-21-2982809433-1173995961-3766430208-1372","ObjectType":"Computer"},{"ObjectIdentifier":"S-1-5-21-2982809433-1173995961-3766430208-1373","ObjectType":"Computer"},{"ObjectIdentifier":"S-1-5-21-2982809433-1173995961-3766430208-1374","ObjectType":"Computer"},{"ObjectIdentifier":"S-1-5-21-2982809433-1173995961-3766430208-1375","ObjectType":"Computer"},{"ObjectIdentifier":"S-1-5-21-2982809433-1173995961-3766430208-1376","ObjectType":"Computer"},{"ObjectIdentifier":"S-1-5-21-2982809433-1173995961-3766430208-1377","ObjectType":"Computer"},{"ObjectIdentifier":"S-1-5-21-2982809433-1173995961-3766430208-1378","ObjectType":"Computer"},{"ObjectIdentifier":"S-1-5-21-2982809433-1173995961-3766430208-1379","ObjectType":"Computer"},{"ObjectIdentifier":"S-1-5-21-2982809433-1173995961-3766430208-1380","ObjectType":"Computer"},{"ObjectIdentifier":"S-1-5-21-2982809433-1173995961-3766430208-1381","ObjectType":"Computer"},{"ObjectIdentifier":"S-1-5-21-2982809433-1173995961-3766430208-1382","ObjectType":"Computer"},{"ObjectIdentifier":"S-1-5-21-2982809433-1173995961-3766430208-1383","ObjectType":"Computer"},{"ObjectIdentifier":"S-1-5-21-2982809433-1173995961-3766430208-1384","ObjectType":"Computer"},{"ObjectIdentifier":"S-1-5-21-2982809433-1173995961-3766430208-1385","ObjectType":"Computer"},{"ObjectIdentifier":"S-1-5-21-2982809433-1173995961-3766430208-1386","ObjectType":"Computer"},{"ObjectIdentifier":"S-1-5-21-2982809433-1173995961-3766430208-1387","ObjectType":"Computer"},{"ObjectIdentifier":"S-1-5-21-2982809433-1173995961-3766430208-1104","ObjectType":"Computer"},{"ObjectIdentifier":"S-1-5-21-2982809433-1173995961-3766430208-1154","ObjectType":"Computer"},{"ObjectIdentifier":"S-1-5-21-2982809433-1173995961-3766430208-1107","ObjectType":"Computer"},{"ObjectIdentifier":"S-1-5-21-2982809433-1173995961-3766430208-1156","ObjectType":"Computer"},{"ObjectIdentifier":"S-1-5-21-2982809433-1173995961-3766430208-1158","ObjectType":"Computer"},{"ObjectIdentifier":"S-1-5-21-2982809433-1173995961-3766430208-1388","ObjectType":"Computer"},{"ObjectIdentifier":"S-1-5-21-2982809433-1173995961-3766430208-1389","ObjectType":"Computer"},{"ObjectIdentifier":"S-1-5-21-2982809433-1173995961-3766430208-1390","ObjectType":"Computer"},{"ObjectIdentifier":"S-1-5-21-2982809433-1173995961-3766430208-1391","ObjectType":"Computer"},{"ObjectIdentifier":"S-1-5-21-2982809433-1173995961-3766430208-1392","ObjectType":"Computer"},{"ObjectIdentifier":"S-1-5-21-2982809433-1173995961-3766430208-1393","ObjectType":"Computer"},{"ObjectIdentifier":"S-1-5-21-2982809433-1173995961-3766430208-1394","ObjectType":"Computer"},{"ObjectIdentifier":"S-1-5-21-2982809433-1173995961-3766430208-1395","ObjectType":"Computer"},{"ObjectIdentifier":"S-1-5-21-2982809433-1173995961-3766430208-1396","ObjectType":"Computer"},{"ObjectIdentifier":"S-1-5-21-2982809433-1173995961-3766430208-1397","ObjectType":"Computer"},{"ObjectIdentifier":"S-1-5-21-2982809433-1173995961-3766430208-1398","ObjectType":"Computer"},{"ObjectIdentifier":"S-1-5-21-2982809433-1173995961-3766430208-1399","ObjectType":"Computer"},{"ObjectIdentifier":"S-1-5-21-2982809433-1173995961-3766430208-1400","ObjectType":"Computer"},{"ObjectIdentifier":"S-1-5-21-2982809433-1173995961-3766430208-1401","ObjectType":"Computer"},{"ObjectIdentifier":"S-1-5-21-2982809433-1173995961-3766430208-1402","ObjectType":"Computer"},{"ObjectIdentifier":"S-1-5-21-2982809433-1173995961-3766430208-1403","ObjectType":"Computer"},{"ObjectIdentifier":"S-1-5-21-2982809433-1173995961-3766430208-1404","ObjectType":"Computer"},{"ObjectIdentifier":"S-1-5-21-2982809433-1173995961-3766430208-1405","ObjectType":"Computer"},{"ObjectIdentifier":"S-1-5-21-2982809433-1173995961-3766430208-1406","ObjectType":"Computer"},{"ObjectIdentifier":"S-1-5-21-2982809433-1173995961-3766430208-1407","ObjectType":"Computer"},{"ObjectIdentifier":"S-1-5-21-2982809433-1173995961-3766430208-1408","ObjectType":"Computer"},{"ObjectIdentifier":"S-1-5-21-2982809433-1173995961-3766430208-1409","ObjectType":"Computer"},{"ObjectIdentifier":"S-1-5-21-2982809433-1173995961-3766430208-1410","ObjectType":"Computer"},{"ObjectIdentifier":"S-1-5-21-2982809433-1173995961-3766430208-1411","ObjectType":"Computer"},{"ObjectIdentifier":"S-1-5-21-2982809433-1173995961-3766430208-1412","ObjectType":"Computer"},{"ObjectIdentifier":"S-1-5-21-2982809433-1173995961-3766430208-1413","ObjectType":"Computer"},{"ObjectIdentifier":"S-1-5-21-2982809433-1173995961-3766430208-1414","ObjectType":"Computer"},{"ObjectIdentifier":"S-1-5-21-2982809433-1173995961-3766430208-1415","ObjectType":"Computer"},{"ObjectIdentifier":"S-1-5-21-2982809433-1173995961-3766430208-1416","ObjectType":"Computer"},{"ObjectIdentifier":"S-1-5-21-2982809433-1173995961-3766430208-1417","ObjectType":"Computer"},{"ObjectIdentifier":"S-1-5-21-2982809433-1173995961-3766430208-1418","ObjectType":"Computer"},{"ObjectIdentifier":"S-1-5-21-2982809433-1173995961-3766430208-1118","ObjectType":"Computer"},{"ObjectIdentifier":"S-1-5-21-2982809433-1173995961-3766430208-1119","ObjectType":"Computer"},{"ObjectIdentifier":"S-1-5-21-2982809433-1173995961-3766430208-1120","ObjectType":"Computer"},{"ObjectIdentifier":"S-1-5-21-2982809433-1173995961-3766430208-1121","ObjectType":"Computer"},{"ObjectIdentifier":"S-1-5-21-2982809433-1173995961-3766430208-1122","ObjectType":"Computer"},{"ObjectIdentifier":"S-1-5-21-2982809433-1173995961-3766430208-1123","ObjectType":"Computer"},{"ObjectIdentifier":"S-1-5-21-2982809433-1173995961-3766430208-1124","ObjectType":"Computer"},{"ObjectIdentifier":"S-1-5-21-2982809433-1173995961-3766430208-1125","ObjectType":"Computer"},{"ObjectIdentifier":"S-1-5-21-2982809433-1173995961-3766430208-1126","ObjectType":"Computer"},{"ObjectIdentifier":"S-1-5-21-2982809433-1173995961-3766430208-1127","ObjectType":"Computer"},{"ObjectIdentifier":"S-1-5-21-2982809433-1173995961-3766430208-1128","ObjectType":"Computer"},{"ObjectIdentifier":"S-1-5-21-2982809433-1173995961-3766430208-1129","ObjectType":"Computer"},{"ObjectIdentifier":"S-1-5-21-2982809433-1173995961-3766430208-1130","ObjectType":"Computer"},{"ObjectIdentifier":"S-1-5-21-2982809433-1173995961-3766430208-1131","ObjectType":"Computer"},{"ObjectIdentifier":"S-1-5-21-2982809433-1173995961-3766430208-1132","ObjectType":"Computer"},{"ObjectIdentifier":"S-1-5-21-2982809433-1173995961-3766430208-1133","ObjectType":"Computer"},{"ObjectIdentifier":"S-1-5-21-2982809433-1173995961-3766430208-1134","ObjectType":"Computer"},{"ObjectIdentifier":"S-1-5-21-2982809433-1173995961-3766430208-1419","ObjectType":"Computer"},{"ObjectIdentifier":"S-1-5-21-2982809433-1173995961-3766430208-1420","ObjectType":"Computer"},{"ObjectIdentifier":"S-1-5-21-2982809433-1173995961-3766430208-1421","ObjectType":"Computer"},{"ObjectIdentifier":"S-1-5-21-2982809433-1173995961-3766430208-1422","ObjectType":"Computer"},{"ObjectIdentifier":"S-1-5-21-2982809433-1173995961-3766430208-1423","ObjectType":"Computer"},{"ObjectIdentifier":"S-1-5-21-2982809433-1173995961-3766430208-1424","ObjectType":"Computer"},{"ObjectIdentifier":"S-1-5-21-2982809433-1173995961-3766430208-1425","ObjectType":"Computer"},{"ObjectIdentifier":"S-1-5-21-2982809433-1173995961-3766430208-1426","ObjectType":"Computer"},{"ObjectIdentifier":"S-1-5-21-2982809433-1173995961-3766430208-1427","ObjectType":"Computer"},{"ObjectIdentifier":"S-1-5-21-2982809433-1173995961-3766430208-1428","ObjectType":"Computer"},{"ObjectIdentifier":"S-1-5-21-2982809433-1173995961-3766430208-1429","ObjectType":"Computer"},{"ObjectIdentifier":"S-1-5-21-2982809433-1173995961-3766430208-1430","ObjectType":"Computer"},{"ObjectIdentifier":"S-1-5-21-2982809433-1173995961-3766430208-1431","ObjectType":"Computer"},{"ObjectIdentifier":"S-1-5-21-2982809433-1173995961-3766430208-1432","ObjectType":"Computer"},{"ObjectIdentifier":"S-1-5-21-2982809433-1173995961-3766430208-1433","ObjectType":"Computer"},{"ObjectIdentifier":"S-1-5-21-2982809433-1173995961-3766430208-1434","ObjectType":"Computer"},{"ObjectIdentifier":"S-1-5-21-2982809433-1173995961-3766430208-1435","ObjectType":"Computer"},{"ObjectIdentifier":"S-1-5-21-2982809433-1173995961-3766430208-1436","ObjectType":"Computer"},{"ObjectIdentifier":"S-1-5-21-2982809433-1173995961-3766430208-1437","ObjectType":"Computer"},{"ObjectIdentifier":"S-1-5-21-2982809433-1173995961-3766430208-1438","ObjectType":"Computer"},{"ObjectIdentifier":"S-1-5-21-2982809433-1173995961-3766430208-1439","ObjectType":"Computer"},{"ObjectIdentifier":"S-1-5-21-2982809433-1173995961-3766430208-1440","ObjectType":"Computer"},{"ObjectIdentifier":"S-1-5-21-2982809433-1173995961-3766430208-1441","ObjectType":"Computer"},{"ObjectIdentifier":"S-1-5-21-2982809433-1173995961-3766430208-1442","ObjectType":"Computer"},{"ObjectIdentifier":"S-1-5-21-2982809433-1173995961-3766430208-1443","ObjectType":"Computer"},{"ObjectIdentifier":"S-1-5-21-2982809433-1173995961-3766430208-1444","ObjectType":"Computer"},{"ObjectIdentifier":"S-1-5-21-2982809433-1173995961-3766430208-1445","ObjectType":"Computer"},{"ObjectIdentifier":"S-1-5-21-2982809433-1173995961-3766430208-1446","ObjectType":"Computer"},{"ObjectIdentifier":"S-1-5-21-2982809433-1173995961-3766430208-1447","ObjectType":"Computer"},{"ObjectIdentifier":"S-1-5-21-2982809433-1173995961-3766430208-1448","ObjectType":"Computer"},{"ObjectIdentifier":"S-1-5-21-2982809433-1173995961-3766430208-1449","ObjectType":"Computer"},{"ObjectIdentifier":"S-1-5-21-2982809433-1173995961-3766430208-1450","ObjectType":"Computer"},{"ObjectIdentifier":"S-1-5-21-2982809433-1173995961-3766430208-1451","ObjectType":"Computer"},{"ObjectIdentifier":"S-1-5-21-2982809433-1173995961-3766430208-1452","ObjectType":"Computer"},{"ObjectIdentifier":"S-1-5-21-2982809433-1173995961-3766430208-1453","ObjectType":"Computer"},{"ObjectIdentifier":"S-1-5-21-2982809433-1173995961-3766430208-1454","ObjectType":"Computer"},{"ObjectIdentifier":"S-1-5-21-2982809433-1173995961-3766430208-1455","ObjectType":"Computer"},{"ObjectIdentifier":"S-1-5-21-2982809433-1173995961-3766430208-1456","ObjectType":"Computer"},{"ObjectIdentifier":"S-1-5-21-2982809433-1173995961-3766430208-1457","ObjectType":"Computer"},{"ObjectIdentifier":"S-1-5-21-2982809433-1173995961-3766430208-1458","ObjectType":"Computer"},{"ObjectIdentifier":"S-1-5-21-2982809433-1173995961-3766430208-1459","ObjectType":"Computer"},{"ObjectIdentifier":"S-1-5-21-2982809433-1173995961-3766430208-1460","ObjectType":"Computer"},{"ObjectIdentifier":"S-1-5-21-2982809433-1173995961-3766430208-1461","ObjectType":"Computer"},{"ObjectIdentifier":"S-1-5-21-2982809433-1173995961-3766430208-1462","ObjectType":"Computer"},{"ObjectIdentifier":"S-1-5-21-2982809433-1173995961-3766430208-1463","ObjectType":"Computer"},{"ObjectIdentifier":"S-1-5-21-2982809433-1173995961-3766430208-1178","ObjectType":"Computer"},{"ObjectIdentifier":"S-1-5-21-2982809433-1173995961-3766430208-1189","ObjectType":"Computer"},{"ObjectIdentifier":"S-1-5-21-2982809433-1173995961-3766430208-1190","ObjectType":"Computer"},{"ObjectIdentifier":"S-1-5-21-2982809433-1173995961-3766430208-1191","ObjectType":"Computer"},{"ObjectIdentifier":"S-1-5-21-2982809433-1173995961-3766430208-1192","ObjectType":"Computer"},{"ObjectIdentifier":"S-1-5-21-2982809433-1173995961-3766430208-1193","ObjectType":"Computer"},{"ObjectIdentifier":"S-1-5-21-2982809433-1173995961-3766430208-1194","ObjectType":"Computer"},{"ObjectIdentifier":"S-1-5-21-2982809433-1173995961-3766430208-1195","ObjectType":"Computer"},{"ObjectIdentifier":"S-1-5-21-2982809433-1173995961-3766430208-1196","ObjectType":"Computer"},{"ObjectIdentifier":"S-1-5-21-2982809433-1173995961-3766430208-1197","ObjectType":"Computer"},{"ObjectIdentifier":"S-1-5-21-2982809433-1173995961-3766430208-1198","ObjectType":"Computer"},{"ObjectIdentifier":"S-1-5-21-2982809433-1173995961-3766430208-1199","ObjectType":"Computer"},{"ObjectIdentifier":"S-1-5-21-2982809433-1173995961-3766430208-1200","ObjectType":"Computer"},{"ObjectIdentifier":"S-1-5-21-2982809433-1173995961-3766430208-1201","ObjectType":"Computer"},{"ObjectIdentifier":"S-1-5-21-2982809433-1173995961-3766430208-1202","ObjectType":"Computer"},{"ObjectIdentifier":"S-1-5-21-2982809433-1173995961-3766430208-1203","ObjectType":"Computer"},{"ObjectIdentifier":"S-1-5-21-2982809433-1173995961-3766430208-1204","ObjectType":"Computer"},{"ObjectIdentifier":"S-1-5-21-2982809433-1173995961-3766430208-1205","ObjectType":"Computer"},{"ObjectIdentifier":"S-1-5-21-2982809433-1173995961-3766430208-1206","ObjectType":"Computer"},{"ObjectIdentifier":"S-1-5-21-2982809433-1173995961-3766430208-1207","ObjectType":"Computer"},{"ObjectIdentifier":"S-1-5-21-2982809433-1173995961-3766430208-1208","ObjectType":"Computer"},{"ObjectIdentifier":"S-1-5-21-2982809433-1173995961-3766430208-1209","ObjectType":"Computer"},{"ObjectIdentifier":"S-1-5-21-2982809433-1173995961-3766430208-1210","ObjectType":"Computer"},{"ObjectIdentifier":"S-1-5-21-2982809433-1173995961-3766430208-1211","ObjectType":"Computer"},{"ObjectIdentifier":"S-1-5-21-2982809433-1173995961-3766430208-1212","ObjectType":"Computer"},{"ObjectIdentifier":"S-1-5-21-2982809433-1173995961-3766430208-1213","ObjectType":"Computer"},{"ObjectIdentifier":"S-1-5-21-2982809433-1173995961-3766430208-1214","ObjectType":"Computer"},{"ObjectIdentifier":"S-1-5-21-2982809433-1173995961-3766430208-1215","ObjectType":"Computer"},{"ObjectIdentifier":"S-1-5-21-2982809433-1173995961-3766430208-1216","ObjectType":"Computer"},{"ObjectIdentifier":"S-1-5-21-2982809433-1173995961-3766430208-1217","ObjectType":"Computer"},{"ObjectIdentifier":"S-1-5-21-2982809433-1173995961-3766430208-1218","ObjectType":"Computer"},{"ObjectIdentifier":"S-1-5-21-2982809433-1173995961-3766430208-1219","ObjectType":"Computer"},{"ObjectIdentifier":"S-1-5-21-2982809433-1173995961-3766430208-1220","ObjectType":"Computer"},{"ObjectIdentifier":"S-1-5-21-2982809433-1173995961-3766430208-1221","ObjectType":"Computer"},{"ObjectIdentifier":"S-1-5-21-2982809433-1173995961-3766430208-1222","ObjectType":"Computer"},{"ObjectIdentifier":"S-1-5-21-2982809433-1173995961-3766430208-1223","ObjectType":"Computer"},{"ObjectIdentifier":"S-1-5-21-2982809433-1173995961-3766430208-1224","ObjectType":"Computer"},{"ObjectIdentifier":"S-1-5-21-2982809433-1173995961-3766430208-1225","ObjectType":"Computer"},{"ObjectIdentifier":"S-1-5-21-2982809433-1173995961-3766430208-1226","ObjectType":"Computer"},{"ObjectIdentifier":"S-1-5-21-2982809433-1173995961-3766430208-1227","ObjectType":"Computer"},{"ObjectIdentifier":"S-1-5-21-2982809433-1173995961-3766430208-1228","ObjectType":"Computer"},{"ObjectIdentifier":"S-1-5-21-2982809433-1173995961-3766430208-1229","ObjectType":"Computer"},{"ObjectIdentifier":"S-1-5-21-2982809433-1173995961-3766430208-1230","ObjectType":"Computer"},{"ObjectIdentifier":"S-1-5-21-2982809433-1173995961-3766430208-1231","ObjectType":"Computer"},{"ObjectIdentifier":"S-1-5-21-2982809433-1173995961-3766430208-1232","ObjectType":"Computer"},{"ObjectIdentifier":"S-1-5-21-2982809433-1173995961-3766430208-1233","ObjectType":"Computer"},{"ObjectIdentifier":"S-1-5-21-2982809433-1173995961-3766430208-1234","ObjectType":"Computer"},{"ObjectIdentifier":"S-1-5-21-2982809433-1173995961-3766430208-1235","ObjectType":"Computer"},{"ObjectIdentifier":"S-1-5-21-2982809433-1173995961-3766430208-1236","ObjectType":"Computer"},{"ObjectIdentifier":"S-1-5-21-2982809433-1173995961-3766430208-1237","ObjectType":"Computer"},{"ObjectIdentifier":"S-1-5-21-2982809433-1173995961-3766430208-1238","ObjectType":"Computer"},{"ObjectIdentifier":"S-1-5-21-2982809433-1173995961-3766430208-1239","ObjectType":"Computer"},{"ObjectIdentifier":"S-1-5-21-2982809433-1173995961-3766430208-1240","ObjectType":"Computer"},{"ObjectIdentifier":"S-1-5-21-2982809433-1173995961-3766430208-1241","ObjectType":"Computer"},{"ObjectIdentifier":"S-1-5-21-2982809433-1173995961-3766430208-1242","ObjectType":"Computer"},{"ObjectIdentifier":"S-1-5-21-2982809433-1173995961-3766430208-1243","ObjectType":"Computer"},{"ObjectIdentifier":"S-1-5-21-2982809433-1173995961-3766430208-1244","ObjectType":"Computer"},{"ObjectIdentifier":"S-1-5-21-2982809433-1173995961-3766430208-1245","ObjectType":"Computer"},{"ObjectIdentifier":"S-1-5-21-2982809433-1173995961-3766430208-1246","ObjectType":"Computer"},{"ObjectIdentifier":"S-1-5-21-2982809433-1173995961-3766430208-1247","ObjectType":"Computer"},{"ObjectIdentifier":"S-1-5-21-2982809433-1173995961-3766430208-1248","ObjectType":"Computer"},{"ObjectIdentifier":"S-1-5-21-2982809433-1173995961-3766430208-1249","ObjectType":"Computer"},{"ObjectIdentifier":"S-1-5-21-2982809433-1173995961-3766430208-1250","ObjectType":"Computer"},{"ObjectIdentifier":"S-1-5-21-2982809433-1173995961-3766430208-1251","ObjectType":"Computer"},{"ObjectIdentifier":"S-1-5-21-2982809433-1173995961-3766430208-1252","ObjectType":"Computer"},{"ObjectIdentifier":"S-1-5-21-2982809433-1173995961-3766430208-1253","ObjectType":"Computer"},{"ObjectIdentifier":"S-1-5-21-2982809433-1173995961-3766430208-1254","ObjectType":"Computer"},{"ObjectIdentifier":"S-1-5-21-2982809433-1173995961-3766430208-1255","ObjectType":"Computer"},{"ObjectIdentifier":"S-1-5-21-2982809433-1173995961-3766430208-1256","ObjectType":"Computer"},{"ObjectIdentifier":"S-1-5-21-2982809433-1173995961-3766430208-1257","ObjectType":"Computer"},{"ObjectIdentifier":"S-1-5-21-2982809433-1173995961-3766430208-1258","ObjectType":"Computer"},{"ObjectIdentifier":"S-1-5-21-2982809433-1173995961-3766430208-1259","ObjectType":"Computer"},{"ObjectIdentifier":"S-1-5-21-2982809433-1173995961-3766430208-1260","ObjectType":"Computer"},{"ObjectIdentifier":"S-1-5-21-2982809433-1173995961-3766430208-1261","ObjectType":"Computer"},{"ObjectIdentifier":"S-1-5-21-2982809433-1173995961-3766430208-1262","ObjectType":"Computer"},{"ObjectIdentifier":"S-1-5-21-2982809433-1173995961-3766430208-1263","ObjectType":"Computer"},{"ObjectIdentifier":"S-1-5-21-2982809433-1173995961-3766430208-1264","ObjectType":"Computer"},{"ObjectIdentifier":"S-1-5-21-2982809433-1173995961-3766430208-1265","ObjectType":"Computer"},{"ObjectIdentifier":"S-1-5-21-2982809433-1173995961-3766430208-1266","ObjectType":"Computer"},{"ObjectIdentifier":"S-1-5-21-2982809433-1173995961-3766430208-1267","ObjectType":"Computer"},{"ObjectIdentifier":"S-1-5-21-2982809433-1173995961-3766430208-1268","ObjectType":"Computer"},{"ObjectIdentifier":"S-1-5-21-2982809433-1173995961-3766430208-1269","ObjectType":"Computer"},{"ObjectIdentifier":"S-1-5-21-2982809433-1173995961-3766430208-1270","ObjectType":"Computer"},{"ObjectIdentifier":"S-1-5-21-2982809433-1173995961-3766430208-1271","ObjectType":"Computer"},{"ObjectIdentifier":"S-1-5-21-2982809433-1173995961-3766430208-1272","ObjectType":"Computer"},{"ObjectIdentifier":"S-1-5-21-2982809433-1173995961-3766430208-1273","ObjectType":"Computer"},{"ObjectIdentifier":"S-1-5-21-2982809433-1173995961-3766430208-1274","ObjectType":"Computer"},{"ObjectIdentifier":"S-1-5-21-2982809433-1173995961-3766430208-1275","ObjectType":"Computer"},{"ObjectIdentifier":"S-1-5-21-2982809433-1173995961-3766430208-1276","ObjectType":"Computer"},{"ObjectIdentifier":"S-1-5-21-2982809433-1173995961-3766430208-1277","ObjectType":"Computer"},{"ObjectIdentifier":"S-1-5-21-2982809433-1173995961-3766430208-1278","ObjectType":"Computer"},{"ObjectIdentifier":"S-1-5-21-2982809433-1173995961-3766430208-1279","ObjectType":"Computer"},{"ObjectIdentifier":"S-1-5-21-2982809433-1173995961-3766430208-1280","ObjectType":"Computer"},{"ObjectIdentifier":"S-1-5-21-2982809433-1173995961-3766430208-1281","ObjectType":"Computer"},{"ObjectIdentifier":"S-1-5-21-2982809433-1173995961-3766430208-1282","ObjectType":"Computer"},{"ObjectIdentifier":"S-1-5-21-2982809433-1173995961-3766430208-1283","ObjectType":"Computer"},{"ObjectIdentifier":"S-1-5-21-2982809433-1173995961-3766430208-1284","ObjectType":"Computer"},{"ObjectIdentifier":"S-1-5-21-2982809433-1173995961-3766430208-1285","ObjectType":"Computer"},{"ObjectIdentifier":"S-1-5-21-2982809433-1173995961-3766430208-1286","ObjectType":"Computer"},{"ObjectIdentifier":"S-1-5-21-2982809433-1173995961-3766430208-1287","ObjectType":"Computer"},{"ObjectIdentifier":"S-1-5-21-2982809433-1173995961-3766430208-1288","ObjectType":"Computer"},{"ObjectIdentifier":"S-1-5-21-2982809433-1173995961-3766430208-1289","ObjectType":"Computer"},{"ObjectIdentifier":"S-1-5-21-2982809433-1173995961-3766430208-1290","ObjectType":"Computer"},{"ObjectIdentifier":"S-1-5-21-2982809433-1173995961-3766430208-1291","ObjectType":"Computer"},{"ObjectIdentifier":"S-1-5-21-2982809433-1173995961-3766430208-1292","ObjectType":"Computer"},{"ObjectIdentifier":"S-1-5-21-2982809433-1173995961-3766430208-1293","ObjectType":"Computer"},{"ObjectIdentifier":"S-1-5-21-2982809433-1173995961-3766430208-1294","ObjectType":"Computer"},{"ObjectIdentifier":"S-1-5-21-2982809433-1173995961-3766430208-1295","ObjectType":"Computer"},{"ObjectIdentifier":"S-1-5-21-2982809433-1173995961-3766430208-1296","ObjectType":"Computer"},{"ObjectIdentifier":"S-1-5-21-2982809433-1173995961-3766430208-1297","ObjectType":"Computer"},{"ObjectIdentifier":"S-1-5-21-2982809433-1173995961-3766430208-1298","ObjectType":"Computer"},{"ObjectIdentifier":"S-1-5-21-2982809433-1173995961-3766430208-1299","ObjectType":"Computer"},{"ObjectIdentifier":"S-1-5-21-2982809433-1173995961-3766430208-1300","ObjectType":"Computer"},{"ObjectIdentifier":"S-1-5-21-2982809433-1173995961-3766430208-1301","ObjectType":"Computer"},{"ObjectIdentifier":"S-1-5-21-2982809433-1173995961-3766430208-1302","ObjectType":"Computer"},{"ObjectIdentifier":"S-1-5-21-2982809433-1173995961-3766430208-1105","ObjectType":"Computer"},{"ObjectIdentifier":"S-1-5-21-2982809433-1173995961-3766430208-1109","ObjectType":"Computer"},{"ObjectIdentifier":"S-1-5-21-2982809433-1173995961-3766430208-1110","ObjectType":"Computer"},{"ObjectIdentifier":"S-1-5-21-2982809433-1173995961-3766430208-1111","ObjectType":"Computer"},{"ObjectIdentifier":"S-1-5-21-2982809433-1173995961-3766430208-1112","ObjectType":"Computer"},{"ObjectIdentifier":"S-1-5-21-2982809433-1173995961-3766430208-1113","ObjectType":"Computer"},{"ObjectIdentifier":"S-1-5-21-2982809433-1173995961-3766430208-1114","ObjectType":"Computer"},{"ObjectIdentifier":"S-1-5-21-2982809433-1173995961-3766430208-1115","ObjectType":"Computer"},{"ObjectIdentifier":"S-1-5-21-2982809433-1173995961-3766430208-1116","ObjectType":"Computer"},{"ObjectIdentifier":"S-1-5-21-2982809433-1173995961-3766430208-1117","ObjectType":"Computer"},{"ObjectIdentifier":"S-1-5-21-2982809433-1173995961-3766430208-1155","ObjectType":"Computer"},{"ObjectIdentifier":"S-1-5-21-2982809433-1173995961-3766430208-1179","ObjectType":"Computer"},{"ObjectIdentifier":"S-1-5-21-2982809433-1173995961-3766430208-1181","ObjectType":"Computer"},{"ObjectIdentifier":"S-1-5-21-2982809433-1173995961-3766430208-1182","ObjectType":"Computer"},{"ObjectIdentifier":"S-1-5-21-2982809433-1173995961-3766430208-1183","ObjectType":"Computer"},{"ObjectIdentifier":"S-1-5-21-2982809433-1173995961-3766430208-1184","ObjectType":"Computer"},{"ObjectIdentifier":"S-1-5-21-2982809433-1173995961-3766430208-1185","ObjectType":"Computer"},{"ObjectIdentifier":"S-1-5-21-2982809433-1173995961-3766430208-1186","ObjectType":"Computer"},{"ObjectIdentifier":"S-1-5-21-2982809433-1173995961-3766430208-1187","ObjectType":"Computer"},{"ObjectIdentifier":"S-1-5-21-2982809433-1173995961-3766430208-1188","ObjectType":"Computer"},{"ObjectIdentifier":"S-1-5-21-2982809433-1173995961-3766430208-1565","ObjectType":"Computer"},{"ObjectIdentifier":"S-1-5-21-2982809433-1173995961-3766430208-1566","ObjectType":"Computer"},{"ObjectIdentifier":"S-1-5-21-2982809433-1173995961-3766430208-1567","ObjectType":"Computer"},{"ObjectIdentifier":"S-1-5-21-2982809433-1173995961-3766430208-1568","ObjectType":"Computer"},{"ObjectIdentifier":"S-1-5-21-2982809433-1173995961-3766430208-1569","ObjectType":"Computer"},{"ObjectIdentifier":"S-1-5-21-2982809433-1173995961-3766430208-1570","ObjectType":"Computer"},{"ObjectIdentifier":"S-1-5-21-2982809433-1173995961-3766430208-1571","ObjectType":"Computer"},{"ObjectIdentifier":"S-1-5-21-2982809433-1173995961-3766430208-1572","ObjectType":"Computer"},{"ObjectIdentifier":"S-1-5-21-2982809433-1173995961-3766430208-1573","ObjectType":"Computer"},{"ObjectIdentifier":"S-1-5-21-2982809433-1173995961-3766430208-1574","ObjectType":"Computer"},{"ObjectIdentifier":"S-1-5-21-2982809433-1173995961-3766430208-1575","ObjectType":"Computer"},{"ObjectIdentifier":"S-1-5-21-2982809433-1173995961-3766430208-1576","ObjectType":"Computer"},{"ObjectIdentifier":"S-1-5-21-2982809433-1173995961-3766430208-1577","ObjectType":"Computer"},{"ObjectIdentifier":"S-1-5-21-2982809433-1173995961-3766430208-1578","ObjectType":"Computer"},{"ObjectIdentifier":"S-1-5-21-2982809433-1173995961-3766430208-1579","ObjectType":"Computer"},{"ObjectIdentifier":"S-1-5-21-2982809433-1173995961-3766430208-1175","ObjectType":"Computer"},{"ObjectIdentifier":"S-1-5-21-2982809433-1173995961-3766430208-1157","ObjectType":"Computer"},{"ObjectIdentifier":"S-1-5-21-2982809433-1173995961-3766430208-1580","ObjectType":"Computer"},{"ObjectIdentifier":"S-1-5-21-2982809433-1173995961-3766430208-1581","ObjectType":"Computer"},{"ObjectIdentifier":"S-1-5-21-2982809433-1173995961-3766430208-1582","ObjectType":"Computer"},{"ObjectIdentifier":"S-1-5-21-2982809433-1173995961-3766430208-1583","ObjectType":"Computer"},{"ObjectIdentifier":"S-1-5-21-2982809433-1173995961-3766430208-1584","ObjectType":"Computer"},{"ObjectIdentifier":"S-1-5-21-2982809433-1173995961-3766430208-1585","ObjectType":"Computer"},{"ObjectIdentifier":"S-1-5-21-2982809433-1173995961-3766430208-1586","ObjectType":"Computer"},{"ObjectIdentifier":"S-1-5-21-2982809433-1173995961-3766430208-1108","ObjectType":"Computer"},{"ObjectIdentifier":"S-1-5-21-2982809433-1173995961-3766430208-1166","ObjectType":"Computer"},{"ObjectIdentifier":"S-1-5-21-2982809433-1173995961-3766430208-1165","ObjectType":"Computer"},{"ObjectIdentifier":"S-1-5-21-2982809433-1173995961-3766430208-1168","ObjectType":"Computer"},{"ObjectIdentifier":"S-1-5-21-2982809433-1173995961-3766430208-1169","ObjectType":"Computer"},{"ObjectIdentifier":"S-1-5-21-2982809433-1173995961-3766430208-1170","ObjectType":"Computer"},{"ObjectIdentifier":"S-1-5-21-2982809433-1173995961-3766430208-1171","ObjectType":"Computer"},{"ObjectIdentifier":"S-1-5-21-2982809433-1173995961-3766430208-1172","ObjectType":"Computer"},{"ObjectIdentifier":"S-1-5-21-2982809433-1173995961-3766430208-1173","ObjectType":"Computer"},{"ObjectIdentifier":"S-1-5-21-2982809433-1173995961-3766430208-1174","ObjectType":"Computer"},{"ObjectIdentifier":"S-1-5-21-2982809433-1173995961-3766430208-1167","ObjectType":"Computer"},{"ObjectIdentifier":"S-1-5-21-2982809433-1173995961-3766430208-1164","ObjectType":"Computer"},{"ObjectIdentifier":"S-1-5-21-2982809433-1173995961-3766430208-1103","ObjectType":"Computer"},{"ObjectIdentifier":"S-1-5-21-2982809433-1173995961-3766430208-1177","ObjectType":"Computer"},{"ObjectIdentifier":"S-1-5-21-2982809433-1173995961-3766430208-1303","ObjectType":"Computer"},{"ObjectIdentifier":"S-1-5-21-2982809433-1173995961-3766430208-1312","ObjectType":"Computer"},{"ObjectIdentifier":"S-1-5-21-2982809433-1173995961-3766430208-1313","ObjectType":"Computer"},{"ObjectIdentifier":"S-1-5-21-2982809433-1173995961-3766430208-1314","ObjectType":"Computer"},{"ObjectIdentifier":"S-1-5-21-2982809433-1173995961-3766430208-1315","ObjectType":"Computer"},{"ObjectIdentifier":"S-1-5-21-2982809433-1173995961-3766430208-1316","ObjectType":"Computer"},{"ObjectIdentifier":"S-1-5-21-2982809433-1173995961-3766430208-1317","ObjectType":"Computer"},{"ObjectIdentifier":"S-1-5-21-2982809433-1173995961-3766430208-1318","ObjectType":"Computer"},{"ObjectIdentifier":"S-1-5-21-2982809433-1173995961-3766430208-1319","ObjectType":"Computer"},{"ObjectIdentifier":"S-1-5-21-2982809433-1173995961-3766430208-1320","ObjectType":"Computer"},{"ObjectIdentifier":"S-1-5-21-2982809433-1173995961-3766430208-1321","ObjectType":"Computer"},{"ObjectIdentifier":"S-1-5-21-2982809433-1173995961-3766430208-1304","ObjectType":"Computer"},{"ObjectIdentifier":"S-1-5-21-2982809433-1173995961-3766430208-1322","ObjectType":"Computer"},{"ObjectIdentifier":"S-1-5-21-2982809433-1173995961-3766430208-1323","ObjectType":"Computer"},{"ObjectIdentifier":"S-1-5-21-2982809433-1173995961-3766430208-1324","ObjectType":"Computer"},{"ObjectIdentifier":"S-1-5-21-2982809433-1173995961-3766430208-1325","ObjectType":"Computer"},{"ObjectIdentifier":"S-1-5-21-2982809433-1173995961-3766430208-1326","ObjectType":"Computer"},{"ObjectIdentifier":"S-1-5-21-2982809433-1173995961-3766430208-1327","ObjectType":"Computer"},{"ObjectIdentifier":"S-1-5-21-2982809433-1173995961-3766430208-1328","ObjectType":"Computer"},{"ObjectIdentifier":"S-1-5-21-2982809433-1173995961-3766430208-1329","ObjectType":"Computer"},{"ObjectIdentifier":"S-1-5-21-2982809433-1173995961-3766430208-1330","ObjectType":"Computer"},{"ObjectIdentifier":"S-1-5-21-2982809433-1173995961-3766430208-1331","ObjectType":"Computer"},{"ObjectIdentifier":"S-1-5-21-2982809433-1173995961-3766430208-1305","ObjectType":"Computer"},{"ObjectIdentifier":"S-1-5-21-2982809433-1173995961-3766430208-1332","ObjectType":"Computer"},{"ObjectIdentifier":"S-1-5-21-2982809433-1173995961-3766430208-1333","ObjectType":"Computer"},{"ObjectIdentifier":"S-1-5-21-2982809433-1173995961-3766430208-1334","ObjectType":"Computer"},{"ObjectIdentifier":"S-1-5-21-2982809433-1173995961-3766430208-1335","ObjectType":"Computer"},{"ObjectIdentifier":"S-1-5-21-2982809433-1173995961-3766430208-1336","ObjectType":"Computer"},{"ObjectIdentifier":"S-1-5-21-2982809433-1173995961-3766430208-1337","ObjectType":"Computer"},{"ObjectIdentifier":"S-1-5-21-2982809433-1173995961-3766430208-1338","ObjectType":"Computer"},{"ObjectIdentifier":"S-1-5-21-2982809433-1173995961-3766430208-1339","ObjectType":"Computer"},{"ObjectIdentifier":"S-1-5-21-2982809433-1173995961-3766430208-1340","ObjectType":"Computer"},{"ObjectIdentifier":"S-1-5-21-2982809433-1173995961-3766430208-1341","ObjectType":"Computer"},{"ObjectIdentifier":"S-1-5-21-2982809433-1173995961-3766430208-1306","ObjectType":"Computer"},{"ObjectIdentifier":"S-1-5-21-2982809433-1173995961-3766430208-1342","ObjectType":"Computer"},{"ObjectIdentifier":"S-1-5-21-2982809433-1173995961-3766430208-1343","ObjectType":"Computer"},{"ObjectIdentifier":"S-1-5-21-2982809433-1173995961-3766430208-1344","ObjectType":"Computer"},{"ObjectIdentifier":"S-1-5-21-2982809433-1173995961-3766430208-1345","ObjectType":"Computer"},{"ObjectIdentifier":"S-1-5-21-2982809433-1173995961-3766430208-1346","ObjectType":"Computer"},{"ObjectIdentifier":"S-1-5-21-2982809433-1173995961-3766430208-1347","ObjectType":"Computer"},{"ObjectIdentifier":"S-1-5-21-2982809433-1173995961-3766430208-1348","ObjectType":"Computer"},{"ObjectIdentifier":"S-1-5-21-2982809433-1173995961-3766430208-1349","ObjectType":"Computer"},{"ObjectIdentifier":"S-1-5-21-2982809433-1173995961-3766430208-1350","ObjectType":"Computer"},{"ObjectIdentifier":"S-1-5-21-2982809433-1173995961-3766430208-1351","ObjectType":"Computer"},{"ObjectIdentifier":"S-1-5-21-2982809433-1173995961-3766430208-1307","ObjectType":"Computer"},{"ObjectIdentifier":"S-1-5-21-2982809433-1173995961-3766430208-1352","ObjectType":"Computer"},{"ObjectIdentifier":"S-1-5-21-2982809433-1173995961-3766430208-1353","ObjectType":"Computer"},{"ObjectIdentifier":"S-1-5-21-2982809433-1173995961-3766430208-1354","ObjectType":"Computer"},{"ObjectIdentifier":"S-1-5-21-2982809433-1173995961-3766430208-1355","ObjectType":"Computer"},{"ObjectIdentifier":"S-1-5-21-2982809433-1173995961-3766430208-1308","ObjectType":"Computer"},{"ObjectIdentifier":"S-1-5-21-2982809433-1173995961-3766430208-1309","ObjectType":"Computer"},{"ObjectIdentifier":"S-1-5-21-2982809433-1173995961-3766430208-1310","ObjectType":"Computer"},{"ObjectIdentifier":"S-1-5-21-2982809433-1173995961-3766430208-1311","ObjectType":"Computer"},{"ObjectIdentifier":"S-1-5-21-2982809433-1173995961-3766430208-1592","ObjectType":"Computer"},{"ObjectIdentifier":"S-1-5-21-2982809433-1173995961-3766430208-1593","ObjectType":"Computer"},{"ObjectIdentifier":"S-1-5-21-2982809433-1173995961-3766430208-1594","ObjectType":"Computer"},{"ObjectIdentifier":"S-1-5-21-2982809433-1173995961-3766430208-1595","ObjectType":"Computer"},{"ObjectIdentifier":"S-1-5-21-2982809433-1173995961-3766430208-1596","ObjectType":"Computer"},{"ObjectIdentifier":"S-1-5-21-2982809433-1173995961-3766430208-1597","ObjectType":"Computer"},{"ObjectIdentifier":"S-1-5-21-2982809433-1173995961-3766430208-1598","ObjectType":"Computer"},{"ObjectIdentifier":"S-1-5-21-2982809433-1173995961-3766430208-1599","ObjectType":"Computer"},{"ObjectIdentifier":"S-1-5-21-2982809433-1173995961-3766430208-1600","ObjectType":"Computer"},{"ObjectIdentifier":"S-1-5-21-2982809433-1173995961-3766430208-1601","ObjectType":"Computer"},{"ObjectIdentifier":"S-1-5-21-2982809433-1173995961-3766430208-1602","ObjectType":"Computer"},{"ObjectIdentifier":"S-1-5-21-2982809433-1173995961-3766430208-1603","ObjectType":"Computer"},{"ObjectIdentifier":"S-1-5-21-2982809433-1173995961-3766430208-1533","ObjectType":"Computer"},{"ObjectIdentifier":"S-1-5-21-2982809433-1173995961-3766430208-1534","ObjectType":"Computer"},{"ObjectIdentifier":"S-1-5-21-2982809433-1173995961-3766430208-1535","ObjectType":"Computer"},{"ObjectIdentifier":"S-1-5-21-2982809433-1173995961-3766430208-1536","ObjectType":"Computer"},{"ObjectIdentifier":"S-1-5-21-2982809433-1173995961-3766430208-1537","ObjectType":"Computer"},{"ObjectIdentifier":"S-1-5-21-2982809433-1173995961-3766430208-1538","ObjectType":"Computer"},{"ObjectIdentifier":"S-1-5-21-2982809433-1173995961-3766430208-1539","ObjectType":"Computer"},{"ObjectIdentifier":"S-1-5-21-2982809433-1173995961-3766430208-1540","ObjectType":"Computer"},{"ObjectIdentifier":"S-1-5-21-2982809433-1173995961-3766430208-1541","ObjectType":"Computer"},{"ObjectIdentifier":"S-1-5-21-2982809433-1173995961-3766430208-1542","ObjectType":"Computer"},{"ObjectIdentifier":"S-1-5-21-2982809433-1173995961-3766430208-1543","ObjectType":"Computer"},{"ObjectIdentifier":"S-1-5-21-2982809433-1173995961-3766430208-1544","ObjectType":"Computer"},{"ObjectIdentifier":"S-1-5-21-2982809433-1173995961-3766430208-1545","ObjectType":"Computer"},{"ObjectIdentifier":"S-1-5-21-2982809433-1173995961-3766430208-1546","ObjectType":"Computer"},{"ObjectIdentifier":"S-1-5-21-2982809433-1173995961-3766430208-1547","ObjectType":"Computer"},{"ObjectIdentifier":"S-1-5-21-2982809433-1173995961-3766430208-1548","ObjectType":"Computer"},{"ObjectIdentifier":"S-1-5-21-2982809433-1173995961-3766430208-1549","ObjectType":"Computer"},{"ObjectIdentifier":"S-1-5-21-2982809433-1173995961-3766430208-1550","ObjectType":"Computer"},{"ObjectIdentifier":"S-1-5-21-2982809433-1173995961-3766430208-1551","ObjectType":"Computer"},{"ObjectIdentifier":"S-1-5-21-2982809433-1173995961-3766430208-1552","ObjectType":"Computer"},{"ObjectIdentifier":"S-1-5-21-2982809433-1173995961-3766430208-1553","ObjectType":"Computer"},{"ObjectIdentifier":"S-1-5-21-2982809433-1173995961-3766430208-1554","ObjectType":"Computer"},{"ObjectIdentifier":"S-1-5-21-2982809433-1173995961-3766430208-1555","ObjectType":"Computer"},{"ObjectIdentifier":"S-1-5-21-2982809433-1173995961-3766430208-1556","ObjectType":"Computer"},{"ObjectIdentifier":"S-1-5-21-2982809433-1173995961-3766430208-1557","ObjectType":"Computer"},{"ObjectIdentifier":"S-1-5-21-2982809433-1173995961-3766430208-1558","ObjectType":"Computer"},{"ObjectIdentifier":"S-1-5-21-2982809433-1173995961-3766430208-1559","ObjectType":"Computer"},{"ObjectIdentifier":"S-1-5-21-2982809433-1173995961-3766430208-1560","ObjectType":"Computer"},{"ObjectIdentifier":"S-1-5-21-2982809433-1173995961-3766430208-1561","ObjectType":"Computer"},{"ObjectIdentifier":"S-1-5-21-2982809433-1173995961-3766430208-1562","ObjectType":"Computer"},{"ObjectIdentifier":"S-1-5-21-2982809433-1173995961-3766430208-1563","ObjectType":"Computer"},{"ObjectIdentifier":"S-1-5-21-2982809433-1173995961-3766430208-1564","ObjectType":"Computer"},{"ObjectIdentifier":"S-1-5-21-2982809433-1173995961-3766430208-1532","ObjectType":"Computer"},{"ObjectIdentifier":"S-1-5-21-2982809433-1173995961-3766430208-1587","ObjectType":"Computer"},{"ObjectIdentifier":"S-1-5-21-2982809433-1173995961-3766430208-1588","ObjectType":"Computer"},{"ObjectIdentifier":"S-1-5-21-2982809433-1173995961-3766430208-1589","ObjectType":"Computer"},{"ObjectIdentifier":"S-1-5-21-2982809433-1173995961-3766430208-1590","ObjectType":"Computer"},{"ObjectIdentifier":"S-1-5-21-2982809433-1173995961-3766430208-1591","ObjectType":"Computer"}],"Aces":[{"PrincipalSID":"S-1-5-21-2982809433-1173995961-3766430208-512","PrincipalType":"Group","RightName":"Owns","IsInherited":false},{"PrincipalSID":"S-1-5-21-2982809433-1173995961-3766430208-512","PrincipalType":"Group","RightName":"WriteDacl","IsInherited":false},{"PrincipalSID":"S-1-5-21-2982809433-1173995961-3766430208-512","PrincipalType":"Group","RightName":"WriteOwner","IsInherited":false},{"PrincipalSID":"S-1-5-21-2982809433-1173995961-3766430208-519","PrincipalType":"Group","RightName":"GenericAll","IsInherited":true},{"PrincipalSID":"TRILOCORAI.LOCAL-S-1-5-32-544","PrincipalType":"Group","RightName":"WriteDacl","IsInherited":true},{"PrincipalSID":"TRILOCORAI.LOCAL-S-1-5-32-544","PrincipalType":"Group","RightName":"WriteOwner","IsInherited":true}],"ObjectIdentifier":"26D15B0B-AED0-4430-A11F-D2D9E03E780A","IsDeleted":false,"IsACLProtected":false,"Properties":{"domain":"TRILOCORAI.LOCAL","name":"COMPUTERS@TRILOCORAI.LOCAL","distinguishedname":"CN=COMPUTERS,DC=TRILOCORAI,DC=LOCAL","domainsid":"S-1-5-21-2982809433-1173995961-3766430208","highvalue":false}},{"ChildObjects":[],"Aces":[{"PrincipalSID":"S-1-5-21-2982809433-1173995961-3766430208-512","PrincipalType":"Group","RightName":"Owns","IsInherited":false},{"PrincipalSID":"S-1-5-21-2982809433-1173995961-3766430208-512","PrincipalType":"Group","RightName":"GenericAll","IsInherited":false},{"PrincipalSID":"S-1-5-21-2982809433-1173995961-3766430208-519","PrincipalType":"Group","RightName":"GenericAll","IsInherited":false}],"ObjectIdentifier":"9616150C-883B-4B58-A1DB-1ECA40E765E7","IsDeleted":false,"IsACLProtected":true,"Properties":{"domain":"TRILOCORAI.LOCAL","name":"SOM@TRILOCORAI.LOCAL","distinguishedname":"CN=SOM,CN=WMIPOLICY,CN=SYSTEM,DC=TRILOCORAI,DC=LOCAL","domainsid":"S-1-5-21-2982809433-1173995961-3766430208","highvalue":false}},{"ChildObjects":[],"Aces":[{"PrincipalSID":"S-1-5-21-2982809433-1173995961-3766430208-512","PrincipalType":"Group","RightName":"Owns","IsInherited":false},{"PrincipalSID":"TRILOCORAI.LOCAL-S-1-5-32-544","PrincipalType":"Group","RightName":"WriteDacl","IsInherited":false},{"PrincipalSID":"TRILOCORAI.LOCAL-S-1-5-32-544","PrincipalType":"Group","RightName":"WriteOwner","IsInherited":false},{"PrincipalSID":"S-1-5-21-2982809433-1173995961-3766430208-512","PrincipalType":"Group","RightName":"WriteDacl","IsInherited":false},{"PrincipalSID":"S-1-5-21-2982809433-1173995961-3766430208-512","PrincipalType":"Group","RightName":"WriteOwner","IsInherited":false},{"PrincipalSID":"S-1-5-21-2982809433-1173995961-3766430208-519","PrincipalType":"Group","RightName":"WriteDacl","IsInherited":false},{"PrincipalSID":"S-1-5-21-2982809433-1173995961-3766430208-519","PrincipalType":"Group","RightName":"WriteOwner","IsInherited":false}],"ObjectIdentifier":"D4600FE0-F05B-409D-9F05-2968B978029F","IsDeleted":false,"IsACLProtected":true,"Properties":{"domain":"TRILOCORAI.LOCAL","name":"ADMINSDHOLDER@TRILOCORAI.LOCAL","distinguishedname":"CN=ADMINSDHOLDER,CN=SYSTEM,DC=TRILOCORAI,DC=LOCAL","domainsid":"S-1-5-21-2982809433-1173995961-3766430208","highvalue":false}},{"ChildObjects":[],"Aces":[{"PrincipalSID":"S-1-5-21-2982809433-1173995961-3766430208-512","PrincipalType":"Group","RightName":"Owns","IsInherited":false},{"PrincipalSID":"S-1-5-21-2982809433-1173995961-3766430208-512","PrincipalType":"Group","RightName":"GenericAll","IsInherited":false},{"PrincipalSID":"S-1-5-21-2982809433-1173995961-3766430208-519","PrincipalType":"Group","RightName":"GenericAll","IsInherited":false}],"ObjectIdentifier":"BCF05954-FE27-40E7-BC64-040B9E374805","IsDeleted":false,"IsACLProtected":true,"Properties":{"domain":"TRILOCORAI.LOCAL","name":"WMIPOLICY@TRILOCORAI.LOCAL","distinguishedname":"CN=WMIPOLICY,CN=SYSTEM,DC=TRILOCORAI,DC=LOCAL","domainsid":"S-1-5-21-2982809433-1173995961-3766430208","highvalue":false}}],"meta":{"methods":29675,"type":"containers","count":21,"version":4}}