﻿{"data":[{"Aces":[{"PrincipalSID":"S-1-5-21-748909465-2105014040-255522671-512","PrincipalType":"Group","RightName":"Owns","IsInherited":false},{"PrincipalSID":"S-1-5-21-748909465-2105014040-255522671-512","PrincipalType":"Group","RightName":"WriteDacl","IsInherited":false},{"PrincipalSID":"S-1-5-21-748909465-2105014040-255522671-512","PrincipalType":"Group","RightName":"WriteOwner","IsInherited":false},{"PrincipalSID":"S-1-5-21-748909465-2105014040-255522671-512","PrincipalType":"Group","RightName":"GenericWrite","IsInherited":false},{"PrincipalSID":"S-1-5-21-748909465-2105014040-255522671-512","PrincipalType":"Group","RightName":"WriteDacl","IsInherited":false},{"PrincipalSID":"S-1-5-21-748909465-2105014040-255522671-512","PrincipalType":"Group","RightName":"WriteOwner","IsInherited":false},{"PrincipalSID":"S-1-5-21-748909465-2105014040-255522671-512","PrincipalType":"Group","RightName":"GenericWrite","IsInherited":false},{"PrincipalSID":"S-1-5-21-748909465-2105014040-255522671-519","PrincipalType":"Group","RightName":"WriteDacl","IsInherited":false},{"PrincipalSID":"S-1-5-21-748909465-2105014040-255522671-519","PrincipalType":"Group","RightName":"WriteOwner","IsInherited":false},{"PrincipalSID":"S-1-5-21-748909465-2105014040-255522671-519","PrincipalType":"Group","RightName":"GenericWrite","IsInherited":false}],"ObjectIdentifier":"890C8639-1057-4F6B-B300-5A69EA018A0C","IsDeleted":false,"IsACLProtected":true,"Properties":{"domain":"TRILOCOR.LOCAL","name":"DEFAULT DOMAIN CONTROLLERS POLICY@TRILOCOR.LOCAL","distinguishedname":"CN={6AC1786C-016F-11D2-945F-00C04FB984F9},CN=POLICIES,CN=SYSTEM,DC=TRILOCOR,DC=LOCAL","domainsid":"S-1-5-21-748909465-2105014040-255522671","highvalue":false,"description":null,"whencreated":1658812460,"gpcpath":"\\\\TRILOCOR.LOCAL\\SYSVOL\\TRILOCOR.LOCAL\\POLICIES\\{6AC1786C-016F-11D2-945F-00C04FB984F9}"}},{"Aces":[{"PrincipalSID":"S-1-5-21-748909465-2105014040-255522671-512","PrincipalType":"Group","RightName":"Owns","IsInherited":false},{"PrincipalSID":"S-1-5-21-748909465-2105014040-255522671-512","PrincipalType":"Group","RightName":"WriteDacl","IsInherited":false},{"PrincipalSID":"S-1-5-21-748909465-2105014040-255522671-512","PrincipalType":"Group","RightName":"WriteOwner","IsInherited":false},{"PrincipalSID":"S-1-5-21-748909465-2105014040-255522671-512","PrincipalType":"Group","RightName":"GenericWrite","IsInherited":false},{"PrincipalSID":"S-1-5-21-748909465-2105014040-255522671-512","PrincipalType":"Group","RightName":"WriteDacl","IsInherited":false},{"PrincipalSID":"S-1-5-21-748909465-2105014040-255522671-512","PrincipalType":"Group","RightName":"WriteOwner","IsInherited":false},{"PrincipalSID":"S-1-5-21-748909465-2105014040-255522671-512","PrincipalType":"Group","RightName":"GenericWrite","IsInherited":false},{"PrincipalSID":"S-1-5-21-748909465-2105014040-255522671-519","PrincipalType":"Group","RightName":"WriteDacl","IsInherited":false},{"PrincipalSID":"S-1-5-21-748909465-2105014040-255522671-519","PrincipalType":"Group","RightName":"WriteOwner","IsInherited":false},{"PrincipalSID":"S-1-5-21-748909465-2105014040-255522671-519","PrincipalType":"Group","RightName":"GenericWrite","IsInherited":false}],"ObjectIdentifier":"39C62DE6-7256-4D51-8767-F96FB8F8AB86","IsDeleted":false,"IsACLProtected":true,"Properties":{"domain":"TRILOCOR.LOCAL","name":"DEFAULT DOMAIN POLICY@TRILOCOR.LOCAL","distinguishedname":"CN={31B2F340-016D-11D2-945F-00C04FB984F9},CN=POLICIES,CN=SYSTEM,DC=TRILOCOR,DC=LOCAL","domainsid":"S-1-5-21-748909465-2105014040-255522671","highvalue":false,"description":null,"whencreated":1658812460,"gpcpath":"\\\\TRILOCOR.LOCAL\\SYSVOL\\TRILOCOR.LOCAL\\POLICIES\\{31B2F340-016D-11D2-945F-00C04FB984F9}"}}],"meta":{"methods":29675,"type":"gpos","count":2,"version":4}}