﻿{"data":[{"ChildObjects":[{"ObjectIdentifier":"764D4A1C-95C8-4E1F-A607-9E68F2537CFC","ObjectType":"Container"},{"ObjectIdentifier":"9C688CAC-3286-4E48-A6BC-C5155EDDB376","ObjectType":"OU"},{"ObjectIdentifier":"DA98AD0C-14F8-49F6-97AF-4FE006C97E9C","ObjectType":"OU"},{"ObjectIdentifier":"3C14AEAD-607C-4287-AFB2-40BD1937F850","ObjectType":"Container"},{"ObjectIdentifier":"E7A4BE2B-FBBF-4BC6-A4B7-5A86F9BF1C9D","ObjectType":"Container"},{"ObjectIdentifier":"16785DE7-441F-4347-834B-5B52CEAA65DC","ObjectType":"Container"}],"Trusts":[{"TargetDomainSid":"S-1-5-21-2982809433-1173995961-3766430208","TargetDomainName":"TRILOCORAI.LOCAL","IsTransitive":true,"SidFilteringEnabled":false,"TrustDirection":"Bidirectional","TrustType":"Forest"}],"Links":[{"IsEnforced":false,"GUID":"39C62DE6-7256-4D51-8767-F96FB8F8AB86"}],"Aces":[{"PrincipalSID":"TRILOCOR.LOCAL-S-1-5-32-544","PrincipalType":"Group","RightName":"Owns","IsInherited":false},{"PrincipalSID":"TRILOCOR.LOCAL-S-1-5-32-544","PrincipalType":"Group","RightName":"WriteDacl","IsInherited":false},{"PrincipalSID":"TRILOCOR.LOCAL-S-1-5-32-544","PrincipalType":"Group","RightName":"WriteOwner","IsInherited":false},{"PrincipalSID":"TRILOCOR.LOCAL-S-1-5-32-544","PrincipalType":"Group","RightName":"AllExtendedRights","IsInherited":false},{"PrincipalSID":"S-1-5-21-748909465-2105014040-255522671-512","PrincipalType":"Group","RightName":"WriteDacl","IsInherited":false},{"PrincipalSID":"S-1-5-21-748909465-2105014040-255522671-512","PrincipalType":"Group","RightName":"WriteOwner","IsInherited":false},{"PrincipalSID":"S-1-5-21-748909465-2105014040-255522671-512","PrincipalType":"Group","RightName":"AllExtendedRights","IsInherited":false},{"PrincipalSID":"S-1-5-21-748909465-2105014040-255522671-519","PrincipalType":"Group","RightName":"GenericAll","IsInherited":false},{"PrincipalSID":"S-1-5-21-748909465-2105014040-255522671-4628","PrincipalType":"User","RightName":"WriteDacl","IsInherited":false},{"PrincipalSID":"TRILOCOR.LOCAL-S-1-5-9","PrincipalType":"Group","RightName":"GetChanges","IsInherited":false},{"PrincipalSID":"TRILOCOR.LOCAL-S-1-5-32-544","PrincipalType":"Group","RightName":"GetChangesAll","IsInherited":false},{"PrincipalSID":"TRILOCOR.LOCAL-S-1-5-32-544","PrincipalType":"Group","RightName":"GetChanges","IsInherited":false},{"PrincipalSID":"S-1-5-21-748909465-2105014040-255522671-498","PrincipalType":"Group","RightName":"GetChanges","IsInherited":false},{"PrincipalSID":"S-1-5-21-748909465-2105014040-255522671-516","PrincipalType":"Group","RightName":"GetChangesAll","IsInherited":false}],"ObjectIdentifier":"S-1-5-21-748909465-2105014040-255522671","IsDeleted":false,"IsACLProtected":false,"GPOChanges":{"LocalAdmins":[],"RemoteDesktopUsers":[],"DcomUsers":[],"PSRemoteUsers":[],"AffectedComputers":[]},"Properties":{"domain":"TRILOCOR.LOCAL","name":"TRILOCOR.LOCAL","distinguishedname":"DC=TRILOCOR,DC=LOCAL","domainsid":"S-1-5-21-748909465-2105014040-255522671","highvalue":true,"description":null,"whencreated":1658819654,"functionallevel":"2016"}}],"meta":{"methods":29675,"type":"domains","count":1,"version":4}}